world_rank,institution,country,national_rank,quality_of_education,publications,citations,patents,score
1,Harvard University,USA,1,1,1,1,3,100
2,Stanford University,USA,2,9,5,3,10,98.66
3,Massachusetts Institute of Technology,USA,3,3,15,2,1,97.54
4,University of Cambridge,United Kingdom,1,2,11,12,48,96.81
5,University of Oxford,United Kingdom,2,7,7,7,15,96.46
6,Columbia University,USA,4,13,13,11,4,96.14
7,"University of California, Berkeley",USA,5,5,10,4,29,92.25
8,University of Chicago,USA,6,11,17,12,141,90.7
9,Princeton University,USA,7,4,72,24,225,89.42
10,Cornell University,USA,8,12,24,25,11,86.79
11,Yale University,USA,9,10,18,35,49,86.61
12,California Institute of Technology,USA,10,6,53,19,13,84.4
13,University of Tokyo,Japan,1,16,14,31,7,78.23
14,University of Pennsylvania,USA,11,20,8,14,14,77.6
15,"University of California, Los Angeles",USA,12,28,6,8,9,76.91
16,Johns Hopkins University,USA,13,18,4,5,2,71.6
17,Kyoto University,Japan,2,22,30,88,16,68.6
18,New York University,USA,14,32,47,46,43,68.39
19,"University of Michigan, Ann Arbor",USA,15,24,3,6,12,68.36
20,Swiss Federal Institute of Technology in Zurich,Switzerland,1,17,44,39,57,66.93
21,"University of California, San Diego",USA,16,36,16,15,17,66.59
22,Northwestern University,USA,17,163,27,27,42,66.56
23,Hebrew University of Jerusalem,Israel,1,15,120,368,35,65.71
24,Seoul National University,South Korea,1,367,36,146,6,64.82
25,University of Wisconsin–Madison,USA,18,29,21,22,27,64.51
26,"University of California, San Francisco",USA,19,367,22,15,56,63.69
27,University College London,United Kingdom,3,21,12,15,67,62.27
28,Duke University,USA,20,74,19,15,33,61.55
29,Rockefeller University,USA,21,49,372,115,289,61.28
30,University of Texas at Austin,USA,22,75,48,26,38,61.14
31,University of Washington - Seattle,USA,23,48,9,10,40,60.61
32,University of Toronto,Canada,1,70,2,9,145,60.04
33,University of Illinois at Urbana–Champaign,USA,24,33,40,42,65,59.94
34,Keio University,Japan,3,284,309,368,80,59.84
35,Imperial College London,United Kingdom,4,90,19,23,47,59.61
36,École Polytechnique,France,1,98,327,234,172,59.2
37,École normale supérieure - Paris,France,2,8,379,645,871,58.8
38,Waseda University,Japan,4,288,406,368,248,58.17
39,Weizmann Institute of Science,Israel,2,19,246,234,45,57.17
40,University of North Carolina at Chapel Hill,USA,25,124,32,19,41,57.09
41,University of Virginia,USA,26,209,94,88,97,56.73
42,McGill University,Canada,2,34,33,44,132,56.49
43,"Purdue University, West Lafayette",USA,27,55,75,68,28,56.39
44,Dartmouth College,USA,28,40,246,136,63,56.35
45,Osaka University,Japan,5,46,50,182,18,56.03
46,University of Pittsburgh - Pittsburgh Campus,USA,29,79,25,21,50,55.63
47,"Pennsylvania State University, University Park",USA,30,230,49,28,92,55.54
48,"University of Minnesota, Twin Cities",USA,31,63,23,31,59,55.51
49,"Ohio State University, Columbus",USA,32,96,28,31,44,55.39
50,Rutgers University-New Brunswick,USA,33,91,100,46,61,55.23
51,University of Southern California,USA,34,152,57,101,34,55.12
52,Washington University in St. Louis,USA,35,101,41,29,169,55.03
53,"University of California, Davis",USA,36,54,29,35,62,54.85
54,University of Colorado Boulder,USA,37,80,96,45,133,54.62
55,University of Edinburgh,United Kingdom,5,44,54,65,228,54.39
56,Peking University,China,1,182,52,182,20,54.26
57,National Taiwan University,Taiwan,1,92,46,182,695,54.23
58,University of Paris-Sud,France,3,26,73,115,324,54.21
59,Lomonosov Moscow State University,Russia,1,14,268,287,861,54.19
60,University of Florida,USA,38,214,37,46,5,54.18
61,Carnegie Mellon University,USA,39,25,211,78,165,54
62,University of British Columbia,Canada,3,81,26,37,81,53.92
63,Pierre-and-Marie-Curie University,France,4,30,31,68,87,53.79
64,"University of California, Santa Barbara",USA,40,133,111,46,77,53.63
65,National University of Singapore,Singapore,1,367,34,78,25,53.44
66,Boston University,USA,41,303,60,37,135,53.43
67,University of Manchester,United Kingdom,6,99,43,29,142,53.38
68,University of Arizona,USA,42,139,74,31,235,53.26
69,Vanderbilt University,USA,43,87,55,59,51,53.05
70,University of Utah,USA,44,97,97,101,19,52.89
71,Karolinska Institute,Sweden,1,149,51,52,743,52.79
72,"University of Maryland, College Park",USA,45,68,58,39,280,52.72
73,Tohoku University,Japan,6,41,68,115,22,52.57
74,University of Copenhagen,Denmark,1,117,38,59,432,52.51
75,University of Texas Southwestern Medical Center,USA,46,59,131,78,173,52.5
76,Ruprecht Karl University of Heidelberg,Germany,1,38,69,46,243,52.32
77,University of Notre Dame,USA,47,221,242,182,352,52.27
78,Tsinghua University,China,2,309,63,65,30,52.21
79,Ludwig Maximilian University of Munich,Germany,2,42,66,53,167,52.16
80,Georgia Institute of Technology,USA,48,135,107,78,36,52.08
81,University of Rochester,USA,49,72,114,68,64,52.03
82,Katholieke Universiteit Leuven,Belgium,1,367,35,53,74,52.03
83,Brown University,USA,50,64,121,76,200,52.01
84,Emory University,USA,51,367,67,93,55,51.85
85,Erasmus University Rotterdam,Netherlands,1,367,87,53,227,51.78
86,Tel Aviv University,Israel,3,77,98,136,39,51.75
87,Utrecht University,Netherlands,2,84,39,59,429,51.74
88,University of Sydney,Australia,1,105,45,46,75,51.61
89,"University of California, Irvine",USA,52,227,78,68,162,51.51
90,University of Texas MD Anderson Cancer Center,USA,53,367,93,42,71,51.51
91,Swiss Federal Institute of Technology in Lausanne,Switzerland,2,367,124,39,58,51.47
92,University of Geneva,Switzerland,3,35,122,115,321,51.46
93,University of Melbourne,Australia,2,141,42,53,223,51.34
94,King's College London,United Kingdom,7,27,76,101,188,51.31
95,Tufts University,USA,54,60,166,93,84,51.22
96,University of Zurich,Switzerland,4,115,56,68,137,51.14
97,Arizona State University,USA,55,367,143,76,21,51.13
98,Yonsei University,South Korea,2,367,140,321,23,51.02
99,University of Oslo,Norway,1,53,106,101,302,50.81
100,Kyushu University,Japan,7,367,152,264,37,50.6
101,Technical University of Munich,Germany,3,37,104,128,119,50.58
102,"Texas A&M University, College Station",USA,56,339,77,88,201,50.43
103,University of Queensland,Australia,3,269,65,101,68,50.4
104,Mines ParisTech,France,5,278,977,812,871,50.34
105,Case Western Reserve University,USA,57,50,137,59,111,50.28
106,Indiana University - Bloomington,USA,58,134,180,161,178,50.26
107,University of Alberta,Canada,4,169,62,82,116,50.25
108,Leiden University,Netherlands,3,120,82,53,260,50.17
109,Tokyo Institute of Technology,Japan,8,170,169,136,52,50.13
110,University of Groningen,Netherlands,4,313,64,68,316,50.1
111,University of Helsinki,Finland,1,56,80,88,420,50.04
112,Sapienza University of Rome,Italy,1,67,83,212,312,49.97
113,Georgetown University,USA,59,159,298,321,122,49.92
114,University of Amsterdam,Netherlands,5,109,70,93,282,49.83
115,Korea University,South Korea,3,367,172,321,26,49.79
116,University of Barcelona,Spain,1,367,61,93,215,49.79
117,Lund University,Sweden,2,136,85,53,871,49.75
118,Michigan State University,USA,60,112,88,65,136,49.74
119,Ghent University,Belgium,2,123,84,68,90,49.73
120,Rice University,USA,61,52,255,59,76,49.73
121,Baylor College of Medicine,USA,62,367,113,101,199,49.7
122,Aarhus University,Denmark,2,310,91,101,154,49.65
123,University of Bristol,United Kingdom,8,194,92,82,335,49.59
124,Uppsala University,Sweden,3,73,95,93,871,49.57
125,Nagoya University,Japan,9,39,138,146,78,49.57
126,Royal Institute of Technology,Sweden,4,199,221,321,797,49.54
127,University of Colorado Denver,USA,63,367,135,128,72,49.48
128,University of Glasgow,United Kingdom,9,234,123,82,402,49.45
129,VU University Amsterdam,Netherlands,6,367,79,68,871,49.44
130,University of New South Wales,Australia,4,177,90,101,157,49.33
131,Paris Diderot University - Paris 7,France,6,127,105,115,483,49.33
132,University of São Paulo,Brazil,1,297,59,136,710,49.31
133,Western University (The University of Western Ontario),Canada,5,367,149,234,261,49.31
134,Radboud University Nijmegen,Netherlands,7,128,89,93,410,49.3
135,Nanyang Technological University,Singapore,2,367,102,212,32,49.29
136,Technion – Israel Institute of Technology,Israel,4,45,186,161,88,49.12
137,University of Miami,USA,64,367,159,82,73,49.09
138,Stony Brook University,USA,65,186,173,93,96,49.09
139,University of Texas at Dallas,USA,66,367,250,59,313,49.05
140,University of Nottingham,United Kingdom,10,131,116,146,138,49.02
141,University of Iowa,USA,67,233,103,115,121,49.01
142,Southern Methodist University,USA,68,179,624,368,824,48.99
143,Icahn School of Medicine at Mount Sinai,USA,69,367,160,161,101,48.96
144,Korea Advanced Institute of Science and Technology (KAIST),South Korea,4,367,183,368,8,48.95
145,Monash University,Australia,5,277,86,182,99,48.91
146,University of Alabama at Birmingham,USA,70,367,141,128,130,48.79
147,Free University of Berlin,Germany,4,76,109,234,461,48.78
148,University of Southampton,United Kingdom,11,329,115,101,334,48.77
149,University of the Witwatersrand,South Africa,1,61,442,321,291,48.75
150,McMaster University,Canada,6,222,127,101,222,48.74
151,University of Montreal,Canada,7,320,101,101,540,48.72
152,University of Birmingham,United Kingdom,12,65,117,146,170,48.7
153,Humboldt University of Berlin,Germany,5,291,108,161,471,48.64
154,"University of California, Santa Cruz",USA,71,175,243,115,183,48.59
155,Albert Ludwig University of Freiburg,Germany,6,148,156,182,98,48.57
156,University of Tübingen,Germany,7,69,142,146,226,48.56
157,University of Cincinnati,USA,72,188,150,128,263,48.56
158,University of Bonn,Germany,8,58,153,146,341,48.54
159,Wake Forest University,USA,73,265,249,128,124,48.52
160,University of Basel,Switzerland,5,83,167,136,486,48.48
161,University of Leeds,United Kingdom,13,62,133,136,265,48.41
162,University of Hamburg,Germany,9,314,147,101,677,48.31
163,Université libre de Bruxelles,Belgium,3,173,236,101,148,48.28
164,Indiana University-Purdue University Indianapolis,USA,74,367,187,125,79,48.28
165,Pohang University of Science and Technology,South Korea,5,367,285,212,24,48.24
166,Oregon Health & Science University,USA,75,367,184,125,144,48.23
167,University of Calgary,Canada,8,367,145,101,778,48.23
168,Stockholm University,Sweden,5,129,202,88,839,48.23
169,University of Padua,Italy,2,281,99,182,351,48.17
170,University of Hong Kong,Hong Kong,1,287,139,128,205,48.15
171,Yeshiva University,USA,76,200,195,161,128,48.11
172,University of Milan,Italy,3,162,118,212,438,48.07
173,University of Sheffield,United Kingdom,14,142,129,136,179,48.07
174,Technical University of Denmark,Denmark,3,351,220,161,46,48.06
175,"University of Maryland, Baltimore",USA,77,367,125,197,180,48.05
176,Goethe University Frankfurt,Germany,10,111,179,212,328,48.01
177,University of Göttingen,Germany,11,43,174,264,299,47.98
178,Hokkaido University,Japan,10,279,148,287,53,47.97
179,Australian National University,Australia,6,196,130,197,415,47.97
180,Shanghai Jiao Tong University,China,3,335,81,212,198,47.96
181,University of New Mexico,USA,78,367,223,82,100,47.95
182,University of Strasbourg,France,7,71,191,264,269,47.89
183,University of Massachusetts Medical School,USA,79,367,296,234,143,47.85
184,University of Houston,USA,80,367,310,511,156,47.83
185,"Trinity College, Dublin",Ireland,1,338,289,115,153,47.73
186,University of Lausanne,Switzerland,6,102,235,115,683,47.73
187,Iowa State University,USA,81,286,151,82,339,47.71
188,Joseph Fourier University,France,8,195,110,234,160,47.71
189,Wayne State University,USA,82,367,189,125,117,47.67
190,University of South Florida - Tampa,USA,83,367,233,197,70,47.66
191,Zhejiang University,China,4,367,71,368,106,47.66
192,Hanyang University,South Korea,6,367,286,368,31,47.6
193,University of Ottawa,Canada,9,223,171,212,496,47.6
194,University of Missouri–Columbia,USA,84,250,222,161,150,47.59
195,Fudan University,China,5,367,112,368,123,47.56
196,University of Kansas,USA,85,228,212,161,127,47.52
197,University of Cologne,Germany,12,367,204,146,421,47.52
198,University of Georgia,USA,86,93,181,234,82,47.5
199,University of Liverpool,United Kingdom,15,176,154,128,377,47.49
200,University of Bern,Switzerland,7,184,163,93,433,47.49
201,Cardiff University,United Kingdom,16,321,178,146,193,47.46
202,George Washington University,USA,87,192,301,264,326,47.46
203,University of Illinois at Chicago,USA,88,367,126,287,129,47.39
204,University of Erlangen-Nuremberg,Germany,13,231,176,146,361,47.36
205,University of Münster,Germany,14,113,170,136,192,47.34
206,Aix-Marseille University,France,9,218,119,182,230,47.31
207,Claude Bernard University Lyon 1,France,10,367,132,234,151,47.31
208,University of Bologna,Italy,4,350,136,212,354,47.28
209,Queen Mary University of London,United Kingdom,17,147,226,212,255,47.25
210,Dresden University of Technology,Germany,15,367,188,146,102,47.25
211,Sungkyunkwan University,South Korea,7,367,194,161,69,47.19
212,Newcastle University,United Kingdom,18,367,192,234,365,47.17
213,Karlsruhe Institute of Technology,Germany,16,356,193,146,103,47.15
214,"University of California, Riverside",USA,89,247,209,161,194,47.13
215,University of Kiel,Germany,17,193,232,161,310,47.11
216,University of Western Australia,Australia,7,156,146,368,399,47.1
217,Paris Descartes University,France,11,203,177,287,455,47.06
218,University of Connecticut,USA,90,296,168,197,186,47.06
219,University of Massachusetts Amherst,USA,91,212,198,212,356,47.05
220,Chinese University of Hong Kong,Hong Kong,2,100,162,212,168,47.05
221,University of Turin,Italy,5,315,206,197,613,47.04
222,University of Manitoba,Canada,10,157,261,212,175,47.04
223,University of Vienna,Austria,1,191,231,161,671,47.03
224,University of Montpellier,France,12,289,165,146,511,47
225,Maastricht University,Netherlands,8,367,185,234,281,47
226,National Cheng Kung University,Taiwan,2,367,164,812,436,46.97
227,"University of Tennessee, Knoxville",USA,92,319,196,197,449,46.96
228,Complutense University of Madrid,Spain,2,86,215,368,256,46.96
229,Laval University,Canada,11,292,207,182,140,46.95
230,RWTH Aachen University,Germany,18,357,197,182,158,46.9
231,Université catholique de Louvain,Belgium,4,367,283,115,236,46.89
232,North Carolina State University,USA,93,251,157,182,161,46.89
233,Johannes Gutenberg University of Mainz,Germany,19,367,210,161,523,46.88
234,University of Texas Health Science Center at San Antonio,USA,94,367,314,197,315,46.88
235,Julius-Maximilian's University of Würzburg,Germany,20,106,216,287,369,46.85
236,Paul Sabatier University - Toulouse III,France,13,367,158,321,514,46.81
237,University of Gothenburg,Sweden,6,257,217,136,871,46.79
238,University College Dublin,Ireland,2,241,288,128,278,46.79
239,University of Science and Technology of China,China,6,367,128,368,452,46.73
240,University of Leicester,United Kingdom,19,367,258,197,385,46.72
241,Autonomous University of Barcelona,Spain,3,367,144,264,277,46.72
242,University of Dundee,United Kingdom,20,178,354,161,216,46.68
243,Norwegian University of Science and Technology,Norway,2,252,279,212,327,46.67
244,Nanjing University,China,7,342,134,234,164,46.61
245,Okayama University,Japan,11,367,353,287,60,46.59
246,London School of Hygiene & Tropical Medicine,United Kingdom,21,367,300,264,736,46.59
247,University of Florence,Italy,6,327,218,197,564,46.58
248,University of Cape Town,South Africa,2,104,319,234,268,46.58
249,University of Texas Health Science Center at Houston,USA,95,367,257,212,337,46.56
250,Moscow Institute of Physics and Technology,Russia,2,23,949,812,839,46.55
251,University of Düsseldorf,Germany,21,185,297,182,454,46.54
252,Florida State University,USA,96,367,200,136,411,46.53
253,University of Sussex,United Kingdom,22,151,359,161,553,46.49
254,Thomas Jefferson University,USA,97,158,333,161,502,46.47
255,Delft University of Technology,Netherlands,9,307,224,264,146,46.46
256,Virginia Polytechnic Institute and State University,USA,98,283,201,234,181,46.46
257,University of Lisbon,Portugal,1,337,155,197,495,46.43
258,Drexel University,USA,99,367,362,287,91,46.43
259,Virginia Commonwealth University,USA,100,367,264,321,206,46.43
260,Oregon State University,USA,101,189,263,161,389,46.42
261,Durham University,United Kingdom,23,132,248,197,460,46.42
262,University of Tsukuba,Japan,12,202,230,212,213,46.41
263,University of Reading,United Kingdom,24,258,400,182,666,46.4
264,Lehigh University,USA,102,367,615,511,534,46.4
265,Medical University of Vienna,Austria,2,367,251,212,366,46.39
266,University of Auckland,New Zealand,1,235,253,234,125,46.38
267,University of Kentucky,USA,103,332,182,321,447,46.37
268,University of Naples Federico II,Italy,7,331,175,234,792,46.36
269,University of Waterloo,Canada,12,367,190,234,626,46.34
270,Charles University in Prague,Czech Republic,1,238,228,182,636,46.32
271,Colorado State University - Fort Collins,USA,104,211,244,234,257,46.32
272,Tulane University,USA,105,324,365,264,258,46.31
273,"University at Buffalo, The State University of New York",USA,106,367,203,287,237,46.3
274,Brandeis University,USA,107,51,549,428,249,46.29
275,Northeastern University,USA,108,316,370,264,86,46.29
276,Wageningen University and Research Centre,Netherlands,10,293,214,234,477,46.26
277,Sun Yat-sen University,China,8,367,161,287,221,46.25
278,University of Ulm,Germany,22,367,290,321,594,46.24
279,London School of Economics,United Kingdom,25,78,503,264,871,46.22
280,Vrije Universiteit Brussel,Belgium,5,110,294,161,506,46.21
281,University of Delaware,USA,109,318,272,234,120,46.21
282,Rensselaer Polytechnic Institute,USA,110,137,402,182,210,46.19
283,University of Bergen,Norway,3,367,229,212,871,46.18
284,Queen's University,Canada,13,322,254,264,275,46.18
285,University of Aberdeen,United Kingdom,26,360,273,287,422,46.17
286,Dalhousie University,Canada,14,367,280,264,384,46.17
287,Umeå University,Sweden,7,367,275,212,871,46.14
288,University of Duisburg-Essen,Germany,23,367,287,321,348,46.13
289,City College of New York,USA,111,31,680,511,358,46.12
290,Hiroshima University,Japan,13,367,304,428,112,46.12
291,University of Texas at San Antonio,USA,112,367,445,197,254,46.1
292,Hannover Medical School,Germany,24,367,322,287,308,46.07
293,University of Warwick,United Kingdom,27,210,205,161,234,46.05
294,University of Valencia,Spain,4,367,208,264,548,46.03
295,University of Pisa,Italy,8,273,227,212,528,46.03
296,Ruhr University Bochum,Germany,25,367,236,368,797,46
297,Medical College of Wisconsin,USA,113,367,337,321,659,45.97
298,University of Louisville,USA,114,367,338,368,105,45.97
299,University of Bordeaux,France,14,354,291,234,297,45.96
300,University of South Carolina - Columbia,USA,115,367,262,146,649,45.95
301,National and Kapodistrian University of Athens,Greece,1,367,245,428,871,45.94
302,Leipzig University,Germany,26,326,281,511,364,45.94
303,Medical University of South Carolina,USA,116,367,316,287,508,45.94
304,Autonomous University of Madrid,Spain,5,367,225,321,443,45.92
305,Dalian University of Technology,China,9,367,313,511,131,45.92
306,Stellenbosch University,South Africa,3,367,520,321,219,45.92
307,Kyungpook National University,South Korea,8,367,355,321,66,45.92
308,University of Porto,Portugal,2,94,266,264,405,45.91
309,University of St Andrews,United Kingdom,28,145,308,321,189,45.89
310,Gwangju Institute of Science and Technology,South Korea,9,367,540,368,54,45.88
311,Chulalongkorn University,Thailand,1,367,584,511,871,45.86
312,University of Antwerp,Belgium,6,367,265,234,372,45.84
313,Xiamen University,China,10,367,331,645,467,45.83
314,University of Nebraska–Lincoln,USA,117,165,278,234,456,45.8
315,Nankai University,China,11,334,282,321,419,45.8
316,University of Stuttgart,Germany,27,82,399,511,376,45.79
317,University of Rome Tor Vergata,Italy,9,367,267,287,816,45.79
318,University of Regensburg,Germany,28,367,302,287,522,45.79
319,Hong Kong University of Science and Technology,Hong Kong,3,367,256,368,185,45.77
320,Kobe University,Japan,14,95,368,321,301,45.74
321,University of Liège,Belgium,7,143,317,234,285,45.73
322,Federal University of Rio de Janeiro,Brazil,2,125,305,645,295,45.72
323,Rush University,USA,118,367,427,197,871,45.71
324,University of Vermont,USA,119,198,357,368,397,45.7
325,University of York,United Kingdom,29,367,270,161,406,45.69
326,Boston College,USA,120,367,557,197,386,45.65
327,University of Pavia,Italy,10,295,330,264,680,45.64
328,University of Jena,Germany,29,367,260,321,457,45.64
329,Vita-Salute San Raffaele University,Italy,11,367,478,321,871,45.61
330,University of Genoa,Italy,12,367,299,234,537,45.61
331,Tianjin University,China,12,367,348,428,245,45.61
332,Louisiana State University - Baton Rouge,USA,121,270,292,197,458,45.61
333,University of Exeter,United Kingdom,30,264,293,428,353,45.59
334,National Autonomous University of Mexico,Mexico,1,282,199,368,486,45.58
335,University of Adelaide,Australia,8,219,234,287,465,45.58
336,University of East Anglia,United Kingdom,31,206,349,146,500,45.58
337,York University,Canada,15,367,382,264,871,45.56
338,University of Navarra,Spain,6,367,578,511,645,45.56
339,University of Oregon,USA,122,346,378,161,729,45.55
340,"St George's, University of London",United Kingdom,32,367,554,368,648,45.55
341,Indian Institute of Technology Delhi,India,1,367,635,812,625,45.54
342,University of Trieste,Italy,13,367,395,287,616,45.54
343,Queen's University Belfast,United Kingdom,33,183,306,264,377,45.53
344,University of Perugia,Italy,14,367,375,428,642,45.53
345,Technical University of Berlin,Germany,30,85,360,368,177,45.52
346,University of Marburg,Germany,31,304,329,428,271,45.51
347,University of Innsbruck,Austria,3,197,430,287,442,45.51
348,Eindhoven University of Technology,Netherlands,11,367,306,321,279,45.51
349,Ben-Gurion University of the Negev,Israel,5,367,277,428,118,45.49
350,University of Oklahoma - Norman Campus,USA,123,367,383,234,474,45.49
351,Wesleyan University,USA,124,154,983,812,871,45.48
352,University of Victoria,Canada,16,367,321,234,853,45.48
353,Kansas State University,USA,125,130,373,212,294,45.47
354,Hong Kong Polytechnic University,Hong Kong,4,367,259,511,329,45.47
355,Linköping University,Sweden,8,367,323,368,871,45.47
356,University of Southern Denmark,Denmark,4,367,386,321,320,45.46
357,University of Otago,New Zealand,2,367,312,287,542,45.44
358,Justus Liebig University Giessen,Germany,32,367,332,264,309,45.43
359,University of New Hampshire,USA,126,367,531,234,596,45.42
360,College of William and Mary,USA,127,367,611,321,809,45.42
361,San Diego State University,USA,128,248,467,264,509,45.41
362,Simon Fraser University,Canada,17,367,284,368,381,45.4
363,University of Santiago de Compostela,Spain,7,367,385,287,126,45.4
364,Saint Louis University,USA,129,367,458,428,286,45.39
365,Colorado School of Mines,USA,130,367,668,321,690,45.39
366,University of Eastern Finland,Finland,2,367,374,321,861,45.37
367,University of Buenos Aires,Argentina,1,126,276,321,871,45.37
368,University of Guelph,Canada,18,367,325,146,445,45.36
369,University of Ferrara,Italy,15,367,416,287,656,45.36
370,Polytechnic University of Catalonia,Spain,8,367,371,368,85,45.36
371,Versailles Saint-Quentin-en-Yvelines University,France,15,367,443,264,839,45.36
372,Saarland University,Germany,33,367,392,428,367,45.33
373,City University of Hong Kong,Hong Kong,5,367,252,511,387,45.33
374,Darmstadt University of Technology,Germany,34,66,376,368,330,45.32
375,Pompeu Fabra University,Spain,9,367,397,428,604,45.31
376,Pontifical Catholic University of Chile,Chile,1,343,446,645,396,45.31
377,University of Bari Aldo Moro,Italy,16,367,352,511,527,45.31
378,University of Texas Medical Branch at Galveston,USA,131,367,401,321,333,45.3
379,University of Delhi,India,2,240,703,812,797,45.3
380,"Washington State University, Pullman",USA,132,367,334,428,298,45.29
381,Temple University,USA,133,272,326,511,211,45.29
382,University of Milan - Bicocca,Italy,17,367,390,287,468,45.28
383,University of Turku,Finland,3,367,320,812,568,45.27
384,Chonnam National University,South Korea,10,367,405,511,109,45.27
385,University of Lorraine,France,16,216,311,321,208,45.25
386,National Chiao Tung University,Taiwan,3,367,240,428,871,45.24
387,Catholic University of the Sacred Heart,Italy,18,367,424,321,770,45.22
388,"University at Albany, SUNY",USA,134,180,411,212,531,45.22
389,Xi'an Jiaotong University,China,13,367,271,812,174,45.21
390,Ewha Womans University,South Korea,11,367,462,645,107,45.2
391,Jilin University,China,14,220,239,645,551,45.2
392,Tokyo Medical and Dental University,Japan,15,367,473,645,272,45.2
393,Scuola Normale Superiore di Pisa,Italy,19,263,548,321,871,45.2
394,University of Central Florida,USA,135,367,381,511,159,45.18
395,Innsbruck Medical University,Austria,4,367,469,812,678,45.18
396,Beijing Normal University,China,15,57,363,428,755,45.17
397,Polytechnic University of Milan,Italy,20,103,358,428,292,45.17
398,University of Seville,Spain,10,367,339,428,104,45.17
399,University of Nebraska Medical Center,USA,136,367,463,368,253,45.16
400,Huazhong University of Science and Technology,China,16,367,219,645,242,45.16
401,Kyung Hee University,South Korea,12,245,380,645,95,45.16
402,Chalmers University of Technology,Sweden,9,361,367,428,871,45.16
403,Brigham Young University,USA,137,298,498,287,134,45.15
404,University of Campinas,Brazil,3,367,295,511,197,45.14
405,University of Bath,United Kingdom,34,367,388,287,478,45.14
406,Saint Petersburg State University,Russia,3,47,621,645,816,45.14
407,National Tsing Hua University,Taiwan,4,262,238,428,731,45.14
408,University of Twente,Netherlands,12,367,343,368,288,45.14
409,University of Alabama - Tuscaloosa,USA,138,325,511,368,314,45.14
410,Harbin Institute of Technology,China,17,367,241,645,375,45.14
411,University of Verona,Italy,21,367,508,212,736,45.13
412,Oklahoma State University–Stillwater,USA,139,239,447,428,303,45.13
413,Shandong University,China,18,367,213,511,538,45.13
414,George Mason University,USA,140,367,450,264,526,45.13
415,Wuhan University,China,19,367,274,645,576,45.13
416,Swedish University of Agricultural Sciences,Sweden,10,146,393,428,871,45.12
417,Concordia University,Canada,19,367,545,645,718,45.12
418,Chiba University,Japan,16,367,361,368,267,45.11
419,Kumamoto University,Japan,17,308,495,428,152,45.11
420,Tongji University,China,20,153,346,645,373,45.1
421,Aalto University,Finland,4,367,336,645,246,45.1
422,Chonbuk National University,South Korea,13,367,507,812,83,45.09
423,Peking Union Medical College,China,21,367,324,368,797,45.09
424,Georgia Regents University,USA,141,367,482,368,481,45.09
425,University of Chile,Chile,2,242,418,645,489,45.08
426,Lancaster University,United Kingdom,35,367,364,234,673,45.08
427,Vienna University of Technology,Austria,5,363,377,321,171,45.08
428,University of Denver,USA,142,312,901,511,760,45.08
429,University of Arkansas for Medical Sciences,USA,143,367,501,812,340,45.08
430,Grenoble Institute of Technology,France,17,144,328,428,345,45.06
431,University of Granada,Spain,11,367,303,321,190,45.06
432,University of Modena and Reggio Emilia,Italy,22,367,435,368,709,45.04
433,Ajou University,South Korea,14,367,646,645,89,45.04
434,Gyeongsang National University,South Korea,15,367,633,645,93,45.04
435,Technical University of Madrid,Spain,12,215,470,645,110,45.03
436,University College Cork,Ireland,3,367,426,368,195,45.03
437,Loyola University Chicago,USA,144,367,522,511,713,45.03
438,Central South University,China,22,367,366,511,444,45.02
439,South China University of Technology,China,23,367,347,511,196,45.02
440,Polytechnic University of Valencia,Spain,13,367,386,645,155,45.02
441,West Virginia University,USA,145,328,441,428,617,45.02
442,University of Tampere,Finland,5,367,526,511,679,45.02
443,Southeast University,China,24,168,369,645,149,45.01
444,Miami University,USA,146,367,715,511,871,45
445,University of Dayton,USA,147,348,988,511,675,44.99
446,University of Siena,Italy,23,367,420,287,712,44.98
447,University of Oulu,Finland,6,275,432,368,521,44.96
448,Indian Institute of Science,India,3,367,315,511,239,44.96
449,Macquarie University,Australia,9,367,391,321,530,44.96
450,University of Rostock,Germany,35,364,443,511,325,44.96
451,Jagiellonian University,Poland,1,367,403,645,355,44.94
452,Pusan National University,South Korea,16,367,398,428,147,44.94
453,University of Strathclyde,United Kingdom,36,367,389,368,305,44.94
454,"University of Nevada, Reno",USA,148,367,542,264,708,44.93
455,University of Saskatchewan,Canada,20,336,335,287,427,44.92
456,University of Parma,Italy,24,367,438,368,741,44.92
457,Kanazawa University,Japan,18,367,474,511,350,44.92
458,Eötvös Loránd University,Hungary,1,89,559,287,724,44.92
459,Aristotle University of Thessaloniki,Greece,2,367,340,511,756,44.92
460,Ohio University,USA,149,205,590,812,224,44.91
461,University of Iceland,Iceland,1,367,612,321,839,44.91
462,University of Warsaw,Poland,2,118,409,428,716,44.91
463,Syracuse University,USA,150,138,453,428,392,44.91
464,Bielefeld University,Germany,36,367,480,511,774,44.91
465,Juntendo University,Japan,19,367,653,428,853,44.9
466,University of Wyoming,USA,151,367,534,321,380,44.89
467,University of Wollongong,Australia,10,367,431,428,493,44.88
468,Niigata University,Japan,20,367,527,511,238,44.88
469,Texas Tech University (TTU),USA,152,367,455,287,809,44.87
470,Middle East Technical University,Turkey,1,367,550,511,871,44.87
471,École normale supérieure de Lyon,France,18,367,481,511,589,44.87
472,Brunel University,United Kingdom,37,367,497,511,667,44.86
473,Nihon University,Japan,21,301,599,812,113,44.86
474,Osaka City University,Japan,22,108,484,321,374,44.86
475,University of Rennes 1,France,19,367,351,428,344,44.86
476,University of Oklahoma Health Sciences Center,USA,153,367,580,511,482,44.86
477,East China University of Science and Technology,China,25,367,423,645,184,44.86
478,University of KwaZulu-Natal,South Africa,4,367,562,368,539,44.85
479,Sichuan University,China,26,367,269,645,597,44.85
480,Illinois Institute of Technology,USA,154,274,784,511,861,44.85
481,Tokyo University of Science,Japan,23,367,530,428,191,44.84
482,"University of Science, Malaysia",Malaysia,1,367,669,428,94,44.84
483,Clemson University,USA,155,367,433,645,510,44.83
484,University of Zaragoza,Spain,14,366,342,428,276,44.83
485,University of the Basque Country,Spain,15,367,318,511,266,44.83
486,Nagasaki University,Japan,24,299,614,645,233,44.82
487,Technical University of Dortmund,Germany,37,367,459,368,284,44.82
488,University of Hawaii at Manoa,USA,156,367,448,368,490,44.82
489,University of Nebraska Omaha,USA,157,367,704,428,871,44.81
490,University of Konstanz,Germany,38,367,475,368,614,44.81
491,Panjab University,India,4,333,720,368,824,44.8
492,University of Hanover,Germany,39,367,434,368,250,44.8
493,"University of Maryland, Baltimore County",USA,158,367,587,428,423,44.8
494,University of Newcastle,Australia,11,367,408,812,322,44.79
495,University of Ulsan,South Korea,17,367,421,645,370,44.79
496,Renmin University of China,China,27,367,965,812,715,44.79
497,Martin Luther University of Halle-Wittenberg,Germany,40,358,394,812,706,44.79
498,University of Malaya,Malaysia,2,367,572,428,274,44.79
499,University of Savoy,France,20,367,490,428,731,44.79
500,University of Udine,Italy,25,367,600,511,634,44.78
501,Tokyo Metropolitan University,Japan,25,367,593,321,574,44.78
502,University of Sherbrooke,Canada,21,367,454,321,853,44.77
503,University of Brescia,Italy,26,367,585,645,816,44.77
504,University of Ljubljana,Slovenia,1,367,341,321,507,44.77
505,University of Nice Sophia Antipolis,France,21,266,451,511,513,44.75
506,University of Hull,United Kingdom,38,305,602,511,524,44.75
507,University of Coimbra,Portugal,3,359,415,645,459,44.75
508,Creighton University,USA,159,367,824,368,615,44.75
509,Georgia State University,USA,160,367,449,511,360,44.74
510,University of Wisconsin–Milwaukee,USA,161,229,516,511,871,44.74
511,Catholic University of Korea,South Korea,18,367,576,645,139,44.74
512,University of Tokushima,Japan,26,107,643,645,247,44.73
513,Yokohama City University,Japan,27,367,685,645,359,44.73
514,Lanzhou University,China,28,367,350,645,624,44.72
515,University of Crete,Greece,3,367,491,511,871,44.72
516,SUNY Downstate Medical Center,USA,162,367,756,511,660,44.72
517,University of Potsdam,Germany,41,367,485,511,584,44.72
518,Yokohama National University,Japan,28,88,909,645,440,44.72
519,New Mexico State University,USA,163,367,711,321,871,44.71
520,University of Bayreuth,Germany,42,367,457,321,603,44.71
521,Bar-Ilan University,Israel,6,280,404,645,338,44.71
522,University of Mississippi - Oxford Campus,USA,164,367,508,428,611,44.7
523,University of Tasmania,Australia,12,367,429,645,727,44.7
524,Graduate University for Advanced Studies,Japan,29,367,613,645,871,44.7
525,University of Surrey,United Kingdom,39,217,419,428,300,44.7
526,Federal University of Minas Gerais,Brazil,4,367,417,428,207,44.7
527,University of Tromsø - The Arctic University of Norway,Norway,4,367,493,287,824,44.7
528,University of Palermo,Italy,27,367,452,812,559,44.7
529,Shinshu University,Japan,30,367,594,368,244,44.7
530,University of Science and Technology Beijing,China,29,367,542,511,408,44.7
531,University of Catania,Italy,28,213,438,428,853,44.69
532,Mahidol University,Thailand,2,367,476,368,861,44.69
533,University of Canterbury,New Zealand,3,190,569,428,871,44.68
534,Indian Institute of Technology Madras,India,5,367,523,812,317,44.68
535,University of Bremen,Germany,43,367,466,321,515,44.68
536,Otto-von-Guericke University Magdeburg,Germany,44,367,486,511,388,44.68
537,University of Tartu,Estonia,1,365,586,368,426,44.68
538,University of Windsor,Canada,22,367,764,812,658,44.68
539,University of Nantes,France,22,367,483,511,579,44.67
540,"Royal Holloway, University of London",United Kingdom,40,367,564,428,556,44.67
541,James Cook University,Australia,13,367,505,428,665,44.67
542,National Yang-Ming University,Taiwan,5,367,345,511,824,44.65
543,University of Akron,USA,165,367,656,645,166,44.65
544,National Chung Hsing University,Taiwan,6,367,412,511,871,44.65
545,City University London,United Kingdom,41,367,785,812,601,44.64
546,New York Medical College,USA,166,367,752,812,719,44.64
547,Nara Institute of Science and Technology,Japan,31,367,773,645,270,44.63
548,École Centrale Paris,France,23,367,995,812,839,44.63
549,Auburn University,USA,167,367,472,368,425,44.63
550,University of Arkansas - Fayetteville,USA,168,204,517,645,409,44.62
551,University of Zagreb,Croatia,1,367,553,428,650,44.62
552,University of Lübeck,Germany,45,367,649,812,629,44.62
553,Hunan University,China,30,367,464,645,816,44.62
554,University of Missouri–Kansas City,USA,169,311,634,645,687,44.61
555,Tokyo Women's Medical University,Japan,32,367,787,511,362,44.61
556,Montana State University - Bozeman,USA,170,367,575,287,744,44.61
557,University of Aveiro,Portugal,4,367,413,511,212,44.61
558,"National University of Ireland, Galway",Ireland,4,367,588,645,293,44.61
559,University of Oviedo,Spain,16,367,440,428,579,44.61
560,Dongguk University,South Korea,19,367,927,812,108,44.61
561,University of Trento,Italy,29,367,488,368,861,44.61
562,University Lille 1: Sciences and Technologies,France,24,367,414,368,546,44.6
563,Chang Gung University,Taiwan,7,367,344,812,824,44.6
564,National Central University,Taiwan,8,225,384,511,839,44.6
565,Aalborg University,Denmark,5,367,596,287,401,44.59
566,Utah State University,USA,171,166,564,368,371,44.59
567,Baylor University,USA,172,367,682,321,630,44.59
568,Bangor University,United Kingdom,42,260,622,511,342,44.59
569,King Saud University,Saudi Arabia,1,367,560,645,232,44.59
570,University of Cagliari,Italy,30,367,518,511,623,44.59
571,Kent State University,USA,173,367,610,511,498,44.58
572,Central China Normal University,China,31,367,631,511,778,44.58
573,University of Fribourg,Switzerland,8,232,734,428,787,44.58
574,Medical University of Graz,Austria,6,367,573,812,576,44.58
575,Second University of Naples,Italy,31,367,556,645,824,44.57
576,International School for Advanced Studies,Italy,32,367,623,812,768,44.57
577,Tampere University of Technology,Finland,7,367,816,645,746,44.56
578,Inha University,South Korea,20,367,568,511,273,44.56
579,Deakin University,Australia,14,367,502,321,636,44.56
580,National Polytechnic Institute of Toulouse,France,25,367,486,812,413,44.56
581,Sogang University,South Korea,21,367,806,812,115,44.56
582,University of Ioannina,Greece,4,367,597,645,871,44.55
583,Federal University of Rio Grande do Sul,Brazil,5,367,410,428,787,44.55
584,University of Graz,Austria,7,349,571,812,600,44.54
585,University of Montana - Missoula,USA,174,353,713,428,702,44.54
586,East China Normal University,China,32,367,436,812,576,44.54
587,Plymouth University,United Kingdom,43,367,532,511,651,44.54
588,Victoria University of Wellington,New Zealand,4,317,606,645,809,44.54
589,Federal University of São Paulo,Brazil,6,367,504,368,839,44.53
590,Southern Illinois University Carbondale,USA,175,208,591,812,588,44.53
591,University of Alaska Fairbanks,USA,176,367,642,511,792,44.53
592,University of Toledo,USA,177,367,618,812,220,44.53
593,Carleton University,Canada,23,367,479,264,871,44.53
594,Cranfield University,United Kingdom,44,367,763,812,549,44.52
595,Curtin University,Australia,15,367,425,511,518,44.52
596,Indian Institute of Technology Bombay,India,6,367,521,645,176,44.52
597,University of Portsmouth,United Kingdom,45,367,768,234,765,44.52
598,Osaka Prefecture University,Japan,33,367,688,812,187,44.52
599,Nagoya City University,Japan,34,367,785,368,400,44.52
600,LSU Health Sciences Center New Orleans,USA,178,367,823,645,661,44.52
601,Tata Institute of Fundamental Research,India,7,367,468,368,792,44.51
602,Konkuk University,South Korea,22,367,533,812,204,44.51
603,University of La Laguna,Spain,17,367,514,645,661,44.51
604,University of Hertfordshire,United Kingdom,46,367,792,511,839,44.51
605,Florida International University,USA,179,367,496,428,585,44.5
606,University of Rhode Island,USA,180,367,664,511,472,44.5
607,Mississippi State University,USA,181,155,605,645,566,44.5
608,Gunma University,Japan,35,367,627,511,252,44.5
609,University of New Orleans,USA,182,367,944,428,871,44.5
610,"Putra University, Malaysia",Malaysia,3,367,860,812,114,44.49
611,Memorial University of Newfoundland,Canada,24,367,552,645,653,44.49
612,Universidade Nova de Lisboa,Portugal,5,367,506,645,590,44.49
613,Griffith University,Australia,16,367,436,368,556,44.49
614,Indian Institute of Technology Kharagpur,India,8,367,500,812,644,44.49
615,Soochow University (Suzhou),China,33,367,396,812,871,44.49
616,Texas A&M Health Science Center,USA,183,367,672,645,336,44.49
617,Semmelweis University,Hungary,2,367,650,511,670,44.48
618,Lille 2 University of Health and Law,France,26,367,821,645,630,44.48
619,Kagoshima University,Japan,36,367,733,511,251,44.48
620,Flinders University,Australia,17,122,518,812,686,44.48
621,Queensland University of Technology,Australia,18,367,477,511,492,44.48
622,Tokai University,Japan,37,367,721,645,448,44.48
623,Istanbul University,Turkey,2,253,684,645,871,44.48
624,Tokyo University of Agriculture and Technology,Japan,38,367,641,511,264,44.47
625,Louisiana Tech University,USA,184,367,969,428,792,44.47
626,University of Texas at Arlington,USA,185,367,492,511,462,44.47
627,China Agricultural University,China,34,367,407,645,572,44.47
628,Chungnam National University,South Korea,23,367,470,645,290,44.47
629,University of Minho,Portugal,6,367,588,287,363,44.46
630,"University of Eastern Piedmont ""Amedeo Avogadro"",Italy,33,367,567,218,693,623,645,540,739,44.46,2015
631,""Open University (UK)",United Kingdom,47,367,616,645,809,44.46
632,University of Essex,United Kingdom,48,119,694,511,871,44.45
633,Paris-Est Créteil Val-de-Marne University,France,27,367,732,812,824,44.45
634,Hacettepe University,Turkey,3,367,658,428,871,44.45
635,State University of New York Upstate Medical University,USA,186,367,774,428,598,44.45
636,Braunschweig University of Technology,Germany,46,226,551,645,343,44.44
637,University of Salamanca,Spain,18,367,544,511,736,44.44
638,Indian Institute of Technology Roorkee,India,9,367,839,428,871,44.44
639,Örebro University,Sweden,11,367,816,428,871,44.44
640,Northeast Normal University,China,35,367,678,645,871,44.44
641,University of Patras,Greece,5,367,510,511,731,44.44
642,Beijing University of Chemical Technology,China,36,367,558,812,214,44.44
643,Northern Illinois University,USA,187,367,669,321,621,44.44
644,Rovira i Virgili University,Spain,19,367,555,428,485,44.44
645,La Trobe University,Australia,19,367,536,812,803,44.44
646,Warsaw University of Technology,Poland,3,344,696,287,824,44.43
647,Binghamton University,USA,188,367,710,812,853,44.43
648,Shizuoka University,Japan,39,367,834,645,163,44.43
649,Hong Kong Baptist University,Hong Kong,6,367,592,511,691,44.43
650,Albany Medical College,USA,189,171,893,645,720,44.43
651,Ehime University,Japan,40,367,619,511,418,44.43
652,University of Los Andes (Colombia),Colombia,1,367,898,428,749,44.43
653,Polytechnic University of Turin,Italy,34,367,465,645,283,44.43
654,University of Burgundy,France,28,224,513,812,774,44.42
655,University of Idaho,USA,190,367,664,511,469,44.42
656,Old Dominion University,USA,191,367,719,511,379,44.42
657,Yamaguchi University,Japan,41,367,753,645,202,44.42
658,Massey University,New Zealand,5,367,570,812,723,44.42
659,Donghua University,China,37,367,805,234,726,44.41
660,University of the Balearic Islands,Spain,20,367,629,428,503,44.41
661,Portland State University,USA,192,367,800,812,484,44.41
662,Marche Polytechnic University,Italy,35,367,688,812,748,44.41
663,University of Québec at Montreal,Canada,25,367,537,428,871,44.41
664,"UNESP, São Paulo State University",Brazil,7,367,356,511,627,44.41
665,Loma Linda University,USA,193,367,848,645,555,44.41
666,University of Toyama,Japan,42,367,685,645,871,44.41
667,University of Debrecen,Hungary,3,367,687,428,499,44.4
668,"University of Maine, Orono",USA,194,345,788,368,346,44.4
669,Graz University of Technology,Austria,8,367,677,368,404,44.4
670,Gifu University,Japan,43,367,701,645,403,44.4
671,University of Jyväskylä,Finland,8,367,456,812,805,44.4
672,University of Paris 13,France,29,367,669,645,700,44.4
673,University of Girona,Spain,21,367,662,645,756,44.4
674,Keele University,United Kingdom,49,367,659,321,853,44.4
675,University of Poitiers,France,30,255,636,645,754,44.39
676,University of Insubria,Italy,36,367,705,645,871,44.39
677,Wuhan University of Technology,China,38,367,738,428,763,44.39
678,University of Pretoria,South Africa,5,367,620,511,604,44.39
679,Banaras Hindu University,India,10,243,754,511,871,44.39
680,University of L'Aquila,Italy,37,367,655,645,871,44.38
681,University of Alicante,Spain,22,367,666,812,262,44.38
682,American University of Beirut,Lebanon,1,114,915,812,871,44.38
683,University of Ulster,United Kingdom,50,367,747,321,240,44.38
684,Shanghai University,China,39,367,494,812,782,44.38
685,Comenius University in Bratislava,Slovak Republic,1,367,707,645,871,44.38
686,University of Vigo,Spain,23,367,577,428,621,44.38
687,"University of Nevada, Las Vegas",USA,195,367,640,812,861,44.38
688,Swinburne University of Technology,Australia,20,367,654,511,772,44.38
689,Tilburg University,Netherlands,13,367,566,428,871,44.37
690,University of Messina,Italy,38,367,608,812,871,44.37
691,Kaiserslautern University of Technology,Germany,47,367,679,812,668,44.37
692,University of Kent,United Kingdom,51,367,625,511,861,44.37
693,University of Málaga,Spain,24,367,660,645,203,44.37
694,Loughborough University,United Kingdom,52,367,512,511,480,44.37
695,National Technical University of Athens,Greece,6,187,514,511,871,44.37
696,Liverpool John Moores University,United Kingdom,53,367,723,511,871,44.37
697,Sharif University of Technology,Iran,1,116,563,511,871,44.37
698,"Birkbeck, University of London",United Kingdom,54,300,724,428,871,44.37
699,"University François Rabelais, Tours",France,31,201,667,812,703,44.37
700,University of Haifa,Israel,7,367,535,812,503,44.36
701,Roma Tre University,Italy,39,367,639,511,756,44.36
702,Masaryk University,Czech Republic,2,367,645,645,705,44.36
703,University of Salerno,Italy,40,367,537,511,525,44.36
704,King Abdullah University of Science and Technology,Saudi Arabia,2,367,691,812,182,44.36
705,Beihang University,China,40,367,460,645,307,44.35
706,Fuzhou University,China,41,367,727,428,463,44.35
707,Heriot-Watt University,United Kingdom,55,367,601,812,439,44.35
708,China Medical University (Taiwan),Taiwan,9,367,428,812,871,44.35
709,University of Cantabria,Spain,25,367,603,428,571,44.35
710,Rochester Institute of Technology,USA,196,367,905,287,587,44.35
711,Royal College of Surgeons in Ireland,Ireland,5,367,888,368,446,44.35
712,San Francisco State University,USA,197,271,864,511,871,44.35
713,Sapporo Medical University,Japan,44,367,975,645,441,44.35
714,Indian Institute of Technology Kanpur,India,11,174,561,645,450,44.34
715,Johannes Kepler University of Linz,Austria,9,367,742,645,560,44.34
716,Czech Technical University in Prague,Czech Republic,3,347,673,428,582,44.34
717,Marquette University,USA,198,367,912,812,682,44.34
718,Missouri University of Science and Technology,USA,199,367,718,645,592,44.34
719,Howard University,USA,200,294,934,511,296,44.33
720,Aston University,United Kingdom,56,367,827,645,306,44.33
721,École normale supérieure de Cachan,France,32,121,895,428,871,44.33
722,Jichi Medical University,Japan,45,367,930,511,641,44.33
723,"Rutgers, The State University of New Jersey - Newark",USA,201,367,832,645,871,44.33
724,"Palacký University, Olomouc",Czech Republic,4,367,739,511,475,44.33
725,Ankara University,Turkey,4,367,743,511,871,44.33
726,University of Belgrade,Serbia,1,276,422,511,824,44.33
727,Toho University,Japan,46,367,836,812,787,44.33
728,Kyoto Prefectural University of Medicine,Japan,47,367,852,645,871,44.33
729,Swansea University,United Kingdom,57,367,523,645,595,44.32
730,Université de Namur,Belgium,8,164,881,645,716,44.32
731,University of Szeged,Hungary,4,367,657,812,532,44.32
732,Kitasato University,Japan,48,367,725,812,871,44.32
733,Hasselt University,Belgium,9,367,829,645,761,44.32
734,University of Córdoba (Spain),Spain,26,367,632,812,633,44.32
735,Åbo Akademi University,Finland,9,367,765,645,731,44.32
736,Tottori University,Japan,49,367,908,511,390,44.32
737,Kindai University,Japan,50,367,680,428,437,44.32
738,University of Castilla–La Mancha,Spain,27,367,627,812,519,44.31
739,University of Augsburg,Germany,48,367,816,812,792,44.31
740,"Paul Valéry University, Montpellier III",France,33,367,837,287,871,44.31
741,University of Mons,Belgium,10,367,812,645,517,44.31
742,Istanbul Technical University,Turkey,5,367,646,368,839,44.31
743,"University of Natural Resources and Life Sciences, Vienna",Austria,10,367,778,511,611,44.31
744,National University of La Plata,Argentina,2,367,546,511,871,44.31
745,University of Calabria,Italy,41,367,583,428,700,44.31
746,University of Memphis,USA,202,367,782,511,394,44.3
747,"G. d'Annunzio University, Chieti-Pescara",Italy,42,367,750,812,871,44.3
748,University of Missouri–St. Louis,USA,203,367,897,428,634,44.3
749,Beijing Institute of Technology,China,42,367,528,511,569,44.3
750,University of Évry Val d'Essonne,France,34,367,996,645,871,44.3
751,University of South Australia,Australia,21,367,604,812,431,44.3
752,University of Alabama in Huntsville,USA,204,367,921,645,805,44.3
753,University of Salzburg,Austria,11,367,933,812,871,44.3
754,University of Mississippi Medical Center,USA,205,367,775,511,871,44.29
755,National Research Nuclear University MEPhI,Russia,4,306,957,428,871,44.29
756,Chung-Ang University,South Korea,24,367,637,511,218,44.29
757,Kaohsiung Medical University,Taiwan,10,367,539,812,661,44.29
758,University of Neuchâtel,Switzerland,9,352,863,812,640,44.29
759,University of Yamanashi,Japan,51,367,869,645,382,44.29
760,Yamagata University,Japan,52,367,775,812,535,44.29
761,New Jersey Institute of Technology,USA,206,259,791,812,391,44.28
762,East Carolina University,USA,207,367,699,812,639,44.28
763,University of Hyogo,Japan,53,367,813,511,787,44.28
764,University of Picardie Jules Verne,France,35,367,826,428,543,44.28
765,University of Salento,Italy,43,367,661,511,654,44.28
766,Northern Arizona University,USA,208,367,939,645,609,44.28
767,Miguel Hernández University of Elche,Spain,28,367,757,812,497,44.28
768,University of Tehran,Iran,2,181,489,812,871,44.28
769,Blaise Pascal University,France,36,367,735,645,619,44.28
770,Yeungnam University,South Korea,25,367,761,812,231,44.27
771,Kurume University,Japan,54,367,986,812,473,44.27
772,Institut national des sciences Appliquées de Lyon,France,37,367,547,645,558,44.27
773,Saga University,Japan,55,367,808,812,435,44.27
774,Chongqing University,China,43,367,630,645,809,44.27
775,Jikei University School of Medicine,Japan,56,367,959,645,797,44.27
776,Second Military Medical University,China,44,367,579,645,395,44.27
777,Jawaharlal Nehru Centre for Advanced Scientific Research,India,12,367,868,645,453,44.27
778,"University of North Texas, Denton",USA,209,367,675,645,554,44.27
779,Ege University,Turkey,6,367,761,511,871,44.27
780,Mie University,Japan,57,367,835,645,368,44.27
781,École Polytechnique de Montréal,Canada,26,367,716,511,412,44.27
782,AGH University of Science and Technology,Poland,4,267,708,511,398,44.26
783,University of Electronic Science and Technology of China,China,45,367,529,812,552,44.26
784,University of Stirling,United Kingdom,58,367,772,812,871,44.26
785,University of Greifswald,Germany,49,367,714,812,476,44.26
786,National Polytechnic Institute,Mexico,2,330,573,428,620,44.26
787,Jacobs University Bremen,Germany,50,367,894,511,533,44.26
788,Capital Medical University,China,46,367,525,511,871,44.26
789,Norwegian University of Life Sciences,Norway,5,367,769,511,782,44.26
790,Michigan Technological University,USA,210,341,794,428,581,44.25
791,Vilnius University,Lithuania,1,340,799,645,684,44.25
792,North Dakota State University - Main Campus,USA,211,172,702,812,871,44.25
793,University of Hohenheim,Germany,51,367,767,645,782,44.25
794,University of North Carolina at Charlotte,USA,212,367,741,511,593,44.25
795,Zhengzhou University,China,47,367,663,812,749,44.25
796,Cairo University,Egypt,1,285,697,511,871,44.25
797,University of Caen Lower Normandy,France,38,207,637,812,787,44.25
798,Saitama Medical University,Japan,58,367,993,645,488,44.25
799,University of Murcia,Spain,29,367,541,428,479,44.24
800,Showa University,Japan,59,367,985,645,727,44.24
801,University of Oldenburg,Germany,52,367,729,645,816,44.24
802,Magna Græcia University of Catanzaro,Italy,44,367,948,812,766,44.24
803,National Sun Yat-sen University,Taiwan,11,367,461,511,871,44.24
804,Nanjing University of Science and Technology,China,48,367,796,368,694,44.24
805,University of Concepción,Chile,3,367,712,812,505,44.23
806,Chungbuk National University,South Korea,26,367,745,812,319,44.23
807,Taipei Medical University,Taiwan,12,367,499,645,661,44.23
808,Jaume I University,Spain,30,367,794,645,643,44.23
809,Bowling Green State University,USA,213,367,910,645,824,44.23
810,Nanjing University of Technology,China,49,367,748,812,217,44.22
811,University of New England (Australia),Australia,22,367,938,511,797,44.22
812,Kangwon National University,South Korea,27,367,706,645,428,44.22
813,Inje University,South Korea,28,367,838,812,331,44.22
814,Aberystwyth University,United Kingdom,59,367,842,511,607,44.22
815,"University of Technology, Sydney",Australia,23,367,580,511,520,44.22
816,University of Franche-Comté,France,39,302,743,511,583,44.22
817,University of Sassari,Italy,45,367,758,812,805,44.21
818,Chiang Mai University,Thailand,3,367,847,511,871,44.21
819,Budapest University of Technology and Economics,Hungary,5,256,740,645,529,44.21
820,University of Maribor,Slovenia,2,367,853,511,752,44.21
821,University of Bradford,United Kingdom,60,367,859,812,567,44.21
822,University of Perpignan Via Domitia,France,40,160,974,428,871,44.21
823,Florida Institute of Technology,USA,214,367,973,368,871,44.21
824,University of Brighton,United Kingdom,61,367,854,812,766,44.21
825,University of Massachusetts Boston,USA,215,367,846,428,824,44.21
826,Rio de Janeiro State University,Brazil,8,367,760,511,739,44.21
827,Nagoya Institute of Technology,Japan,60,367,825,645,229,44.2
828,Jiangnan University,China,50,367,783,812,628,44.2
829,Murdoch University,Australia,24,367,827,645,770,44.2
830,"University of Wales, Trinity Saint David",United Kingdom,62,367,1000,645,871,44.2
831,University of Rouen,France,41,362,700,812,414,44.2
832,The Catholic University of America,USA,216,367,947,511,674,44.2
833,Wright State University - Dayton,USA,217,367,810,812,824,44.2
834,Dankook University,South Korea,29,367,888,645,241,44.2
835,Clarkson University,USA,218,367,981,812,685,44.19
836,University of Regina,Canada,27,367,851,645,573,44.19
837,Boğaziçi University,Turkey,7,367,843,511,824,44.19
838,Kōchi University,Japan,61,367,942,812,536,44.19
839,University of Miyazaki,Japan,62,290,952,645,393,44.19
840,University of Electro-Communications,Japan,63,161,857,645,332,44.19
841,University of Valladolid,Spain,31,367,691,812,407,44.19
842,Bilkent University,Turkey,8,367,781,812,871,44.19
843,Dublin City University,Ireland,6,367,803,511,347,44.19
844,University of South Alabama,USA,219,367,979,812,464,44.19
845,Sofia University,Bulgaria,1,254,814,645,871,44.19
846,Ocean University of China,China,51,367,648,812,541,44.19
847,King Fahd University of Petroleum and Minerals,Saudi Arabia,3,367,934,812,871,44.19
848,University of Veterinary Medicine Vienna,Austria,12,367,872,511,654,44.19
849,University of Alcalá,Spain,32,367,746,812,608,44.18
850,Hunter College,USA,220,261,822,812,805,44.18
851,"All India Institute of Medical Sciences, New Delhi",India,13,367,887,645,839,44.18
852,Gazi University,Turkey,9,367,750,645,871,44.18
853,"National University of Ireland, Maynooth",Ireland,7,244,992,812,561,44.18
854,Tehran University of Medical Sciences,Iran,3,367,771,812,871,44.18
855,University of the Ryukyus,Japan,64,367,922,645,618,44.18
856,Florida Atlantic University,USA,221,367,855,812,714,44.17
857,University of Siegen,Germany,53,367,870,428,769,44.17
858,Huazhong Agricultural University,China,52,367,651,645,494,44.17
859,University of Angers,France,42,367,840,812,550,44.17
860,University of Seoul,South Korea,30,367,989,645,259,44.17
861,Brock University,Canada,28,367,877,511,638,44.17
862,Fukuoka University,Japan,65,367,971,812,416,44.17
863,Hamamatsu University School of Medicine,Japan,66,367,990,645,470,44.17
864,Nanjing Normal University,China,53,367,729,428,742,44.17
865,National Chung Cheng University,Taiwan,13,367,796,645,871,44.17
866,Nanjing Agricultural University,China,54,367,617,812,601,44.16
867,University of the Republic (Uruguay),Uruguay,66,367,814,812,871,44.16
868,Sejong University,South Korea,31,367,788,812,466,44.16
869,Makerere University,Uganda,1,367,882,645,871,44.16
870,University of New Brunswick,Canada,29,367,777,812,591,44.16
871,Northeastern University (China),China,55,367,759,812,698,44.16
872,University of Extremadura,Spain,33,367,766,812,630,44.16
873,RMIT University,Australia,25,367,690,812,585,44.16
874,"Royal Veterinary College, University of London",United Kingdom,63,246,896,511,746,44.16
875,Chung Yuan Christian University,Taiwan,14,249,779,812,871,44.16
876,University of Osnabrück,Germany,54,367,844,511,871,44.15
877,Northwest University (China),China,56,367,904,368,871,44.15
878,Chosun University,South Korea,32,367,942,812,209,44.15
879,University of Orléans,France,43,367,754,645,839,44.15
880,Jean Monnet University,France,44,367,626,812,710,44.15
881,École centrale de Lyon,France,45,367,856,812,570,44.15
882,University of Western Sydney,Australia,26,367,651,645,647,44.15
883,Hefei University of Technology,China,57,367,914,812,871,44.15
884,University of Massachusetts Lowell,USA,222,367,936,321,304,44.15
885,Manchester Metropolitan University,United Kingdom,64,367,941,812,721,44.14
886,Nanjing Medical University,China,58,367,582,812,761,44.14
887,Kyoto Institute of Technology,Japan,67,367,982,812,287,44.14
888,Shanghai Normal University,China,59,367,919,812,871,44.14
889,Southwest University,China,60,268,695,645,669,44.14
890,Adam Mickiewicz University in Poznań,Poland,5,150,675,812,657,44.14
891,University of Calcutta,India,14,140,964,645,424,44.14
892,University of Pécs,Hungary,6,367,962,812,501,44.14
893,"Queens College, City University of New York",USA,223,323,977,812,729,44.14
894,University of Lleida,Spain,34,367,883,812,809,44.14
895,Nanjing University of Aeronautics and Astronautics,China,61,367,709,812,853,44.14
896,University of Western Brittany,France,46,367,840,812,599,44.13
897,University of North Carolina at Greensboro,USA,224,367,899,645,575,44.13
898,Pukyong National University,South Korea,33,367,906,812,356,44.13
899,Fourth Military Medical University,China,62,367,609,645,692,44.13
900,University of Fukui,Japan,68,367,950,812,610,44.13
901,University of Southern Mississippi,USA,225,367,913,812,676,44.13
902,University of Mannheim,Germany,55,367,916,428,871,44.13
903,Shimane University,Japan,69,367,956,645,695,44.13
904,China University of Geosciences (Wuhan),China,63,367,928,428,752,44.13
905,University of Thessaly,Greece,7,367,875,812,871,44.13
906,Oakland University,USA,226,367,888,812,871,44.13
907,Wilfrid Laurier University,Canada,30,367,952,812,871,44.13
908,Teikyo University,Japan,70,367,966,812,803,44.12
909,Saitama University,Japan,71,367,959,511,545,44.12
910,Trent University,Canada,31,367,923,511,782,44.12
911,Nicolaus Copernicus University in Toruń,Poland,6,367,873,511,698,44.12
912,Tarbiat Modares University,Iran,4,367,769,812,871,44.12
913,University of North Dakota,USA,227,367,917,812,606,44.12
914,Isfahan University of Technology,Iran,5,367,682,645,871,44.12
915,Fluminense Federal University,Brazil,9,367,802,645,871,44.12
916,National Taiwan University of Science and Technology,Taiwan,15,367,598,812,823,44.12
917,University of Lethbridge,Canada,32,367,957,511,853,44.12
918,Federal University of Santa Catarina,Brazil,10,367,606,812,763,44.12
919,University of Camerino,Italy,46,367,903,812,724,44.12
920,University of Brasília,Brazil,11,367,807,812,871,44.12
921,University of Wrocław,Poland,7,355,736,645,871,44.12
922,University of Basilicata,Italy,47,367,940,645,871,44.12
923,Jadavpur University,India,15,367,849,428,735,44.11
924,South China Normal University,China,64,367,674,645,744,44.11
925,University of Hyderabad,India,16,367,879,812,871,44.11
926,Ritsumeikan University,Japan,72,367,906,511,430,44.1
927,Carlos III University of Madrid,Spain,35,367,643,812,383,44.1
928,University of Cyprus,Cyprus,1,367,820,645,816,44.1
929,University of Texas at El Paso,USA,228,367,910,812,706,44.1
930,University of Cádiz,Spain,36,367,850,812,311,44.1
931,Shahid Beheshti University of Medical Sciences,Iran,6,367,833,812,871,44.1
932,National Taiwan Normal University,Taiwan,16,367,731,645,871,44.1
933,National University of Córdoba,Argentina,3,367,717,645,871,44.1
934,Federal University of Paraná,Brazil,12,367,697,812,772,44.1
935,University of Jaén,Spain,37,367,920,645,563,44.09
936,"University of California, Merced",USA,229,367,899,812,491,44.09
937,University of Waikato,New Zealand,6,367,945,511,703,44.09
938,University of Central Lancashire,United Kingdom,65,367,946,511,749,44.09
939,Federal University of Pernambuco,Brazil,13,367,749,812,417,44.09
940,University of Almería,Spain,38,367,967,812,681,44.09
941,Federal University of São Carlos,Brazil,14,367,722,812,774,44.09
942,Charles Darwin University,Australia,27,367,931,645,871,44.09
943,Yangzhou University,China,65,367,891,812,871,44.09
944,Wrocław University of Technology,Poland,8,367,798,645,861,44.09
945,Hirosaki University,Japan,73,367,951,511,693,44.08
946,National Taiwan Ocean University,Taiwan,17,367,790,812,871,44.08
947,Jiangsu University,China,66,367,808,812,323,44.08
948,Northwestern Polytechnical University,China,67,367,566,812,871,44.08
949,Xiangtan University,China,68,367,862,812,778,44.08
950,United Arab Emirates University,United Arab Emirates,1,367,994,812,689,44.08
951,Gachon University,South Korea,34,367,918,812,451,44.08
952,Hallym University,South Korea,35,367,884,812,565,44.08
953,Harbin Engineering University,China,69,367,970,645,839,44.07
954,Dokuz Eylül University,Turkey,10,367,931,812,871,44.07
955,Jinan University,China,70,367,793,812,688,44.07
956,Shiraz University,Iran,7,367,865,645,871,44.07
957,Third Military Medical University,China,71,367,737,645,721,44.07
958,Amirkabir University of Technology,Iran,8,367,725,645,871,44.07
959,Public University of Navarre,Spain,39,367,972,812,697,44.07
960,Federico Santa María Technical University,Chile,4,367,955,368,645,44.07
961,Federal University of ABC,Brazil,15,367,929,645,871,44.07
962,University of Puerto Rico at Mayagüez,Puerto Rico,1,367,998,645,871,44.06
963,Southern Medical University,China,72,367,801,812,782,44.06
964,University of Silesia,Poland,9,367,867,511,871,44.06
965,Ain Shams University,Egypt,2,367,875,511,871,44.06
966,University of Valenciennes and Hainaut-Cambresis,France,47,367,866,645,871,44.06
967,Chung Shan Medical University,Taiwan,18,367,727,645,871,44.06
968,National University of Colombia,Colombia,2,367,871,812,861,44.06
969,South China Agricultural University,China,73,367,877,812,871,44.06
970,Ibaraki University,Japan,74,367,999,645,562,44.06
971,Fu Jen Catholic University,Taiwan,19,367,984,812,824,44.06
972,Hunan Normal University,China,74,367,923,812,871,44.06
973,Ulsan National Institute of Science and Technology,South Korea,36,367,880,645,349,44.06
974,Federal University of Santa Maria,Brazil,16,367,954,812,871,44.05
975,Shenzhen University,China,75,367,976,645,318,44.05
976,Tianjin Medical University,China,76,367,885,812,839,44.05
977,Beijing University of Technology,China,77,367,780,812,512,44.05
978,University of Reims Champagne-Ardenne,France,48,367,967,645,544,44.05
979,Yuan Ze University,Taiwan,20,367,923,812,871,44.05
980,"University of Chemistry and Technology, Prague",Czech Republic,5,367,991,812,778,44.05
981,University of Limerick,Ireland,8,367,892,812,516,44.05
982,China Medical University (PRC),China,78,367,804,645,871,44.04
983,Feng Chia University,Taiwan,21,367,902,812,871,44.04
984,Zhejiang University of Technology,China,79,367,858,812,672,44.04
985,Novosibirsk State University,Russia,5,167,819,645,871,44.04
986,University of Bucharest,Romania,1,237,845,645,871,44.04
987,Babeș-Bolyai University,Romania,2,367,874,812,871,44.04
988,Mansoura University,Egypt,3,367,987,645,871,44.04
989,University of Pau and Pays de l'Adour,France,49,367,980,812,809,44.04
990,Henan Normal University,China,80,367,959,812,871,44.04
991,Xidian University,China,81,367,830,812,434,44.03
992,Federal University of Bahia,Brazil,17,367,962,645,774,44.03
993,Southwest Jiaotong University,China,82,367,937,812,861,44.03
994,Ryerson University,Canada,33,367,811,511,756,44.03
995,King Abdulaziz University,Saudi Arabia,4,367,595,645,839,44.03
996,University of the Algarve,Portugal,7,367,926,812,816,44.03
997,Alexandria University,Egypt,4,236,997,645,871,44.03
998,Federal University of Ceará,Brazil,18,367,830,812,824,44.03
999,University of A Coruña,Spain,40,367,886,812,651,44.02
1000,China Pharmaceutical University,China,83,367,861,812,547,44.02
