shrimp,almonds,avocado,vegetables_mix,green_grapes,whole_weat_flour
almonds,eggs,cooking_oil,french_fries,green_tea,
almonds,cake,low_fat_yogurt,,,
avocado,eggs,chocolate,energy_drink,,
avocado,milk,butter,french_fries,cookies,
avocado,oil,cereals,french_fries,,
avocado,butter,chocolate,french_fries,cookies,strawberries
avocado,almonds,french_wine,honey,whole_wheat_rice,
avocado,energy_bar,chocolate,,,
avocado,chocolate,french_fries,,,
avocado,frozen_smoothie,low_fat_yogurt,,,
barbecue_sauce,french_fries,frozen_smoothie,,,
bug_spray,clothes_accessories,cottage_cheese,,,
burgers,herb_e_pepper,energy_bar,almonds,eggs,corn
burgers,spaghetti,mineral_water,almonds,honey,extra_dark_chocolate
burgers,grated_cheese,spaghetti,avocado,milk,oil
burgers,ground_beef,spaghetti,avocado,milk,olive_oil
burgers,shrimp,spaghetti,avocado,milk,olive_oil
burgers,shrimp,tomatoes,bacon,whole_wheat_rice,green_tea
burgers,ground_beef,honey,blueberries,gums,french_fries
burgers,mineral_water,milk,cake,chocolate,french_fries
burgers,red_wine,mineral_water,cake,green_tea,
burgers,mineral_water,whole_wheat_rice,cake,,
burgers,shrimp,mineral_water,chicken,fromage_blanc,salmon
burgers,dessert_wine,spaghetti,chicken,cake,protein_bar
burgers,ground_beef,eggs,chocolate,champagne,zucchini
burgers,ground_beef,mineral_water,chocolate,champagne,
burgers,tomatoes,mineral_water,chocolate_bread,,
burgers,chocolate,cake,cookies,green_tea,
burgers,chocolate_bread,chicken,cookies,,
burgers,bacon,eggs,cookies,green_tea,
burgers,mineral_water,eggs,cookies,,
burgers,eggs,french_fries,cookies,green_tea,
burgers,milk,cake,cooking_oil,french_fries,escalope
burgers,mineral_water,avocado,corn,escalope,
burgers,tomatoes,pepper,corn,cereals,escalope
burgers,whole_wheat_rice,ham,eggplant,,
burgers,frozen_vegetables,flax_seed,eggs,,
burgers,mineral_water,milk,eggs,whole_wheat_rice,mint
burgers,red_wine,mineral_water,eggs,oil,carrots
burgers,tomatoes,mineral_water,eggs,light_cream,oil
burgers,ground_beef,spaghetti,eggs,french_fries,
burgers,eggs,french_fries,energy_drink,,
burgers,strong_cheese,champagne,escalope,,
burgers,tomatoes,ground_beef,escalope,,
burgers,almonds,eggs,french_fries,cookies,green_tea
burgers,meatballs,eggs,french_fries,,
burgers,parmesan_cheese,eggs,french_fries,hot_dogs,
burgers,spaghetti,eggs,french_fries,,
burgers,ham,frozen_vegetables,french_fries,tomato_juice,
burgers,pancakes,green_tea,french_fries,,
burgers,spaghetti,milk,french_fries,green_tea,
burgers,dessert_wine,strong_cheese,french_fries,,
burgers,mineral_water,whole_wheat_rice,french_fries,,
burgers,oil,tomato_juice,fresh_bread,,
burgers,shrimp,pasta,frozen_vegetables,spaghetti,mineral_water
burgers,shrimp,pasta,frozen_vegetables,mineral_water,chocolate
burgers,fresh_tuna,shrimp,frozen_vegetables,whole_wheat_pasta,yams
burgers,fresh_tuna,ham,grated_cheese,frozen_vegetables,tomatoes
burgers,spaghetti,avocado,green_beans,,
burgers,french_wine,eggs,green_beans,clothes_accessories,
burgers,flax_seed,eggs,green_tea,,
burgers,mineral_water,eggs,green_tea,pancakes,
burgers,french_fries,low_fat_yogurt,green_tea,,
burgers,spaghetti,low_fat_yogurt,green_tea,,
burgers,ham,chocolate,ground_beef,spaghetti,mineral_water
burgers,chocolate,frozen_vegetables,ground_beef,mineral_water,milk
burgers,chocolate,herb_e_pepper,ground_beef,spaghetti,soup
burgers,turkey,herb_e_pepper,ground_beef,pancakes,eggs
burgers,shrimp,tomatoes,ground_beef,tomato_sauce,spaghetti
burgers,bacon,champagne,light_mayo,,
burgers,mineral_water,soup,meatballs,olive_oil,
burgers,frozen_vegetables,mineral_water,milk,fromage_blanc,cake
burgers,grated_cheese,mineral_water,milk,eggs,whole_wheat_rice
burgers,shrimp,mineral_water,milk,eggs,chocolate
burgers,whole_wheat_pasta,mineral_water,milk,pancakes,
burgers,shrimp,pasta,milk,green_tea,french_fries
burgers,pepper,soup,milk,pancakes,green_tea
burgers,spaghetti,soup,milk,olive_oil,salmon
burgers,tomatoes,spaghetti,milk,barbecue_sauce,frozen_smoothie
burgers,turkey,spaghetti,milk,whole_wheat_rice,oil
burgers,shrimp,tomatoes,milk,energy_bar,almonds
burgers,ham,grated_cheese,mineral_water,chocolate,olive_oil
burgers,grated_cheese,herb_e_pepper,mineral_water,eggs,cooking_oil
burgers,fresh_tuna,red_wine,mineral_water,french_fries,
burgers,chocolate,spaghetti,mineral_water,milk,chicken
burgers,ground_beef,spaghetti,mineral_water,avocado,french_fries
burgers,ground_beef,spaghetti,mineral_water,soup,milk
burgers,ground_beef,spaghetti,mineral_water,escalope,melons
burgers,ham,spaghetti,mineral_water,milk,eggs
burgers,shrimp,tomatoes,mineral_water,soup,pancakes
burgers,fresh_tuna,spaghetti,muffins,honey,
burgers,grated_cheese,spaghetti,nonfat_milk,eggs,gums
burgers,spaghetti,avocado,pancakes,cake,fresh_bread
burgers,ham,chocolate,pancakes,cereals,
burgers,soup,vegetables_mix,pancakes,body_spray,melons
burgers,grated_cheese,shrimp,pasta,avocado,honey
burgers,herb_e_pepper,shrimp,pasta,spaghetti,mineral_water
burgers,red_wine,frozen_vegetables,pepper,spaghetti,chocolate
burgers,tomatoes,olive_oil,protein_bar,,
burgers,mineral_water,olive_oil,rice,antioxydant_juice,frozen_smoothie
burgers,ground_beef,pancakes,salt,,
burgers,parmesan_cheese,chocolate,soup,milk,olive_oil
burgers,frozen_vegetables,mineral_water,soup,meatballs,olive_oil
burgers,spaghetti,mineral_water,soup,french_wine,french_fries
burgers,tomatoes,mineral_water,soup,milk,almonds
burgers,ham,spaghetti,soup,almonds,pancakes
burgers,ham,ground_beef,spaghetti,mineral_water,meatballs
burgers,frozen_vegetables,parmesan_cheese,spaghetti,fromage_blanc,vegetables_mix
burgers,fresh_tuna,shrimp,spaghetti,chocolate,french_wine
burgers,frozen_vegetables,tomatoes,spaghetti,mineral_water,soup
burgers,ham,tomatoes,spaghetti,milk,eggs
burgers,shrimp,whole_wheat_pasta,spaghetti,mineral_water,milk
burgers,ham,frozen_vegetables,tomatoes,cake,chicken
burgers,shrimp,frozen_vegetables,tomatoes,light_cream,extra_dark_chocolate
burgers,fresh_tuna,pickles,vegetables_mix,hot_dogs,cottage_cheese
burgers,herb_e_pepper,shrimp,whole_weat_flour,green_tea,
burgers,chocolate,shrimp,whole_wheat_pasta,ground_beef,soup
burgers,grated_cheese,shrimp,whole_wheat_pasta,olive_oil,french_fries
burgers,chocolate,tomatoes,whole_wheat_pasta,spaghetti,avocado
burgers,mineral_water,milk,whole_wheat_rice,cereals,chocolate
burgers,ham,spaghetti,whole_wheat_rice,eggplant,chocolate
burgers,eggs,champagne,,,
burgers,meatballs,eggs,,,
burgers,honey,escalope,,,
burgers,mineral_water,escalope,,,
burgers,avocado,french_fries,,,
burgers,eggs,french_fries,,,
burgers,eggs,french_fries,,,
burgers,black_tea,green_tea,,,
burgers,mineral_water,green_tea,,,
burgers,frozen_vegetables,gums,,,
burgers,milk,hot_dogs,,,
burgers,spaghetti,mineral_water,,,
burgers,chocolate,mushroom_cream_sauce,,,
burgers,ham,red_wine,,,
burgers,escalope,shallot,,,
burgers,escalope,shallot,,,
burgers,herb_e_pepper,spaghetti,,,
burgers,salt,white_wine,,,
burgers,eggs,yogurt_cake,,,
butter,bacon,eggs,carrots,french_fries,tomato_juice
butter,french_fries,salt,fresh_bread,,
butter,pancakes,whole_wheat_rice,green_tea,french_fries,cookies
butter,green_grapes,frozen_smoothie,low_fat_yogurt,,
butter,tomato_juice,magazines,low_fat_yogurt,,
butter,cake,green_tea,mushroom_cream_sauce,mint,
butter,burger_sauce,brownies,pancakes,,
butter,bug_spray,french_fries,yogurt_cake,green_tea,
cake,chicken,escalope,cottage_cheese,green_tea,
cake,french_fries,escalope,,,
cake,cookies,green_tea,,,
cake,cottage_cheese,green_tea,,,
cereals,chocolate,champagne,green_tea,,
cereals,salt,green_tea,,,
cereals,pancakes,yogurt_cake,,,
chicken,honey,whole_weat_flour,cereals,green_tea,energy_drink
chicken,eggs,french_fries,pancakes,,
chicken,rice,oatmeal,whole_weat_flour,green_tea,french_fries
chicken,muffins,honey,yogurt_cake,,
chicken,cooking_oil,chocolate_bread,,,
chicken,chocolate,cookies,,,
chicken,cider,eggs,,,
chicken,french_fries,escalope,,,
chocolate,ground_beef,blueberries,burger_sauce,green_tea,
chocolate,shrimp,milk,butter,black_tea,eggs
chocolate,frozen_vegetables,mineral_water,cake,french_fries,cottage_cheese
chocolate,olive_oil,whole_wheat_rice,cake,green_beans,frozen_smoothie
chocolate,cake,gums,champagne,protein_bar,
chocolate,spaghetti,mineral_water,chicken,tomato_juice,
chocolate,mineral_water,corn,cottage_cheese,green_tea,
chocolate,french_fries,frozen_smoothie,cottage_cheese,strawberries,light_mayo
chocolate,french_fries,mushroom_cream_sauce,cottage_cheese,low_fat_yogurt,
chocolate,milk,almonds,eggs,strawberries,white_wine
chocolate,olive_oil,pancakes,eggs,,
chocolate,red_wine,spaghetti,eggs,green_tea,
chocolate,french_fries,frozen_smoothie,escalope,fresh_bread,
chocolate,spaghetti,yams,flax_seed,salmon,frozen_smoothie
chocolate,red_wine,butter,french_fries,cookies,low_fat_yogurt
chocolate,french_fries,strawberries,fresh_bread,,
chocolate,almonds,champagne,frozen_smoothie,,
chocolate,pancakes,rice,frozen_smoothie,low_fat_yogurt,
chocolate,shrimp,pasta,frozen_vegetables,ground_beef,mineral_water
chocolate,herb_e_pepper,shrimp,frozen_vegetables,tomatoes,ground_beef
chocolate,butter,eggs,green_tea,cottage_cheese,
chocolate,frozen_vegetables,light_mayo,green_tea,,
chocolate,frozen_vegetables,tomatoes,ground_beef,tomato_sauce,spaghetti
chocolate,escalope,pasta,honey,,
chocolate,mineral_water,eggs,light_cream,bug_spray,burger_sauce
chocolate,escalope,mushroom_cream_sauce,low_fat_yogurt,,
chocolate,grated_cheese,herb_e_pepper,mineral_water,soup,olive_oil
chocolate,herb_e_pepper,shrimp,mineral_water,chicken,pancakes
chocolate,pepper,spaghetti,mineral_water,whole_wheat_rice,champagne
chocolate,tomatoes,spaghetti,mineral_water,avocado,milk
chocolate,milk,eggs,oatmeal,french_fries,
chocolate,shrimp,milk,olive_oil,cider,cooking_oil
chocolate,parmesan_cheese,mineral_water,olive_oil,bacon,
chocolate,red_wine,tomato_sauce,olive_oil,french_fries,
chocolate,spaghetti,mineral_water,pancakes,cake,cookies
chocolate,whole_wheat_pasta,bacon,salmon,hot_dogs,low_fat_yogurt
chocolate,grated_cheese,mineral_water,salmon,whole_wheat_rice,burger_sauce
chocolate,spaghetti,mineral_water,soup,muffins,eggs
chocolate,spaghetti,mineral_water,soup,butter,eggs
chocolate,grated_cheese,parmesan_cheese,spaghetti,pancakes,eggs
chocolate,grated_cheese,shrimp,spaghetti,olive_oil,honey
chocolate,pepper,tomato_sauce,tomato_juice,,
chocolate,grated_cheese,herb_e_pepper,whole_wheat_pasta,almonds,oatmeal
chocolate,spaghetti,champagne,yogurt_cake,,
chocolate,french_fries,strawberries,yogurt_cake,light_mayo,
chocolate,rice,eggplant,zucchini,,
chocolate,eggs,bug_spray,,,
chocolate,spaghetti,bug_spray,,,
chocolate,cookies,chocolate_bread,,,
chocolate,milk,clothes_accessories,,,
chocolate,shallot,energy_drink,,,
chocolate,french_fries,escalope,,,
chocolate,frozen_smoothie,escalope,,,
chocolate,escalope,fresh_bread,,,
chocolate,cookies,green_tea,,,
chocolate,eggs,low_fat_yogurt,,,
chocolate,frozen_smoothie,low_fat_yogurt,,,
chocolate,champagne,magazines,,,
chocolate,spaghetti,mineral_water,,,
chocolate,milk,olive_oil,,,
chocolate,brownies,pancakes,,,
chocolate,red_wine,spaghetti,,,
chocolate,red_wine,spaghetti,,,
chocolate,french_fries,strawberries,,,
chocolate,herb_e_pepper,yogurt_cake,,,
chocolate_bread,mushroom_cream_sauce,salt,,,
cider,eggs,chocolate,low_fat_yogurt,,
clothes_accessories,french_fries,frozen_smoothie,escalope,,
cookies,yogurt_cake,light_mayo,green_tea,,
cookies,hot_dogs,green_tea,,,
cookies,shallot,strawberries,,,
dessert_wine,burgers,cake,frozen_smoothie,toothpaste,
dessert_wine,grated_cheese,shrimp,frozen_vegetables,ground_beef,spaghetti
dessert_wine,frozen_vegetables,tomatoes,parmesan_cheese,mineral_water,soup
dessert_wine,herb_e_pepper,tomatoes,yams,mineral_water,cake
dessert_wine,eggs,french_fries,,,
dessert_wine,mineral_water,milk,,,
eggs,french_fries,frozen_smoothie,cookies,champagne,cottage_cheese
eggs,french_fries,brownies,green_tea,,
eggs,whole_wheat_rice,cake,green_tea,escalope,
eggs,honey,salt,green_tea,,
eggs,french_fries,energy_drink,light_mayo,low_fat_yogurt,
eggs,whole_weat_flour,eggplant,strawberries,low_fat_yogurt,
eggs,chicken,whole_weat_flour,strawberries,low_fat_yogurt,
eggs,whole_wheat_rice,chocolate,,,
eggs,whole_wheat_rice,chocolate,,,
eggs,eggplant,cookies,,,
eggs,eggplant,cookies,,,
eggs,french_fries,energy_drink,,,
eggs,burger_sauce,escalope,,,
eggs,cake,french_fries,,,
eggs,chocolate,french_fries,,,
eggs,eggplant,french_fries,,,
eggs,cookies,green_tea,,,
eggs,french_fries,green_tea,,,
eggs,cake,low_fat_yogurt,,,
eggs,cooking_oil,low_fat_yogurt,,,
eggs,escalope,low_fat_yogurt,,,
eggs,french_fries,low_fat_yogurt,,,
eggs,mushroom_cream_sauce,low_fat_yogurt,,,
eggs,cake,mushroom_cream_sauce,,,
eggs,pasta,mushroom_cream_sauce,,,
energy_bar,eggs,french_fries,champagne,body_spray,
energy_bar,black_tea,eggs,chicken,champagne,light_mayo
energy_bar,cake,cottage_cheese,gluten_free_bar,,
energy_bar,eggs,cottage_cheese,green_tea,,
energy_bar,chocolate,champagne,,,
energy_bar,cake,chocolate,,,
energy_bar,eggs,french_fries,,,
energy_bar,french_fries,pancakes,,,
flax_seed,chocolate,champagne,escalope,,
flax_seed,cake,green_tea,french_fries,mushroom_cream_sauce,hot_dogs
flax_seed,green_tea,fresh_bread,,,
french_fries,pancakes,yogurt_cake,low_fat_yogurt,green_tea,
french_fries,cookies,shallot,tomato_juice,fresh_bread,low_fat_yogurt
french_fries,escalope,champagne,,,
french_fries,pancakes,gluten_free_bar,,,
french_fries,cookies,green_tea,,,
french_fries,pancakes,yogurt_cake,,,
french_wine,eggs,french_fries,green_tea,,
french_wine,eggs,chocolate,low_fat_yogurt,,
french_wine,cake,fresh_bread,,,
fresh_tuna,mineral_water,soup,avocado,,
fresh_tuna,mineral_water,pancakes,cake,oil,extra_dark_chocolate
fresh_tuna,mineral_water,honey,cooking_oil,,
fresh_tuna,frozen_vegetables,strong_cheese,cottage_cheese,tomato_juice,low_fat_yogurt
fresh_tuna,mineral_water,cider,eggs,brownies,low_fat_yogurt
fresh_tuna,tomatoes,mineral_water,eggs,honey,low_fat_yogurt
fresh_tuna,chocolate,milk,french_wine,muffins,pancakes
fresh_tuna,spaghetti,olive_oil,french_wine,eggs,french_fries
fresh_tuna,mineral_water,avocado,fromage_blanc,chocolate,french_fries
fresh_tuna,frozen_vegetables,chicken,fromage_blanc,honey,light_mayo
fresh_tuna,avocado,vegetables_mix,green_grapes,honey,whole_weat_flour
fresh_tuna,mineral_water,fromage_blanc,honey,gums,chocolate
fresh_tuna,herb_e_pepper,spaghetti,low_fat_yogurt,,
fresh_tuna,herb_e_pepper,parmesan_cheese,milk,olive_oil,pancakes
fresh_tuna,shrimp,pasta,mineral_water,olive_oil,eggs
fresh_tuna,frozen_vegetables,spaghetti,mineral_water,honey,whole_wheat_rice
fresh_tuna,parmesan_cheese,cider,muffins,spinach,honey
fresh_tuna,spaghetti,chocolate,olive_oil,chicken,french_fries
fresh_tuna,frozen_vegetables,parmesan_cheese,pepper,spaghetti,milk
fresh_tuna,spaghetti,mineral_water,salmon,,
fresh_tuna,spaghetti,mineral_water,salmon,,
fresh_tuna,tomatoes,mineral_water,soup,avocado,meatballs
fresh_tuna,turkey,herb_e_pepper,spaghetti,mineral_water,mint
fresh_tuna,red_wine,pepper,spaghetti,fromage_blanc,salmon
fresh_tuna,tomatoes,tomato_sauce,spaghetti,chocolate,eggs
fresh_tuna,eggs,escalope,strawberries,,
fresh_tuna,herb_e_pepper,frozen_vegetables,tomatoes,spaghetti,mineral_water
fresh_tuna,mineral_water,french_wine,vegetables_mix,eggs,rice
fresh_tuna,grated_cheese,meatballs,whole_weat_flour,green_tea,
fresh_tuna,chocolate,shrimp,whole_wheat_pasta,pepper,mineral_water
fresh_tuna,pepper,spaghetti,whole_wheat_rice,cooking_oil,
fresh_tuna,eggs,champagne,,,
fresh_tuna,barbecue_sauce,eggplant,,,
fresh_tuna,mineral_water,eggs,,,
fresh_tuna,chocolate,french_fries,,,
fromage_blanc,mushroom_cream_sauce,low_fat_yogurt,,,
frozen_vegetables,whole_wheat_pasta,carrots,antioxydant_juice,french_fries,
frozen_vegetables,mineral_water,almonds,bacon,eggs,barbecue_sauce
frozen_vegetables,spaghetti,milk,bacon,barbecue_sauce,low_fat_yogurt
frozen_vegetables,spaghetti,mineral_water,barbecue_sauce,chocolate,
frozen_vegetables,spaghetti,olive_oil,butter,salmon,oil
frozen_vegetables,pancakes,eggs,cake,,
frozen_vegetables,mineral_water,pancakes,cake,tomato_juice,
frozen_vegetables,tomatoes,mineral_water,chicken,green_grapes,eggs
frozen_vegetables,tomatoes,spaghetti,chicken,french_fries,escalope
frozen_vegetables,meatballs,eggs,chocolate,,
frozen_vegetables,spaghetti,milk,chocolate,chocolate_bread,
frozen_vegetables,pepper,mineral_water,chocolate,white_wine,
frozen_vegetables,spaghetti,milk,cider,french_fries,
frozen_vegetables,parmesan_cheese,mineral_water,eggplant,chocolate,frozen_smoothie
frozen_vegetables,soup,almonds,eggs,french_fries,
frozen_vegetables,mineral_water,french_wine,eggs,cereals,chocolate
frozen_vegetables,milk,fromage_blanc,eggs,chocolate,french_fries
frozen_vegetables,soup,milk,eggs,whole_wheat_rice,chocolate
frozen_vegetables,spaghetti,chocolate,escalope,fresh_bread,
frozen_vegetables,tomatoes,french_fries,escalope,,
frozen_vegetables,parmesan_cheese,spaghetti,escalope,,
frozen_vegetables,mineral_water,vegetables_mix,escalope,,
frozen_vegetables,cider,eggs,french_fries,,
frozen_vegetables,milk,eggs,french_fries,green_tea,
frozen_vegetables,whole_wheat_pasta,milk,french_fries,mushroom_cream_sauce,
frozen_vegetables,spaghetti,brownies,fresh_bread,,
frozen_vegetables,almonds,eggs,fresh_bread,mint,
frozen_vegetables,spaghetti,mineral_water,frozen_smoothie,cottage_cheese,green_tea
frozen_vegetables,avocado,whole_weat_flour,frozen_smoothie,,
frozen_vegetables,parmesan_cheese,oil,green_beans,chocolate_bread,frozen_smoothie
frozen_vegetables,tomatoes,eggs,green_tea,frozen_smoothie,light_mayo
frozen_vegetables,tomatoes,parmesan_cheese,ground_beef,tomato_sauce,milk
frozen_vegetables,mineral_water,eggs,gums,cooking_oil,frozen_smoothie
frozen_vegetables,yams,chicken,honey,light_mayo,
frozen_vegetables,mineral_water,energy_bar,honey,rice,green_tea
frozen_vegetables,spaghetti,french_fries,light_mayo,green_tea,
frozen_vegetables,soup,eggs,low_fat_yogurt,,
frozen_vegetables,ground_beef,mineral_water,milk,olive_oil,pancakes
frozen_vegetables,spaghetti,mineral_water,milk,black_tea,french_wine
frozen_vegetables,mineral_water,soup,milk,olive_oil,
frozen_vegetables,tomatoes,ground_beef,mineral_water,milk,eggs
frozen_vegetables,tomatoes,ground_beef,mineral_water,milk,energy_bar
frozen_vegetables,whole_wheat_pasta,ground_beef,mineral_water,chocolate,milk
frozen_vegetables,tomatoes,spaghetti,mineral_water,fresh_bread,white_wine
frozen_vegetables,ground_beef,tomato_sauce,mineral_water,meatballs,olive_oil
frozen_vegetables,spaghetti,yams,mineral_water,french_wine,green_grapes
frozen_vegetables,spaghetti,yams,mineral_water,,
frozen_vegetables,tomatoes,parmesan_cheese,muffins,spinach,eggs
frozen_vegetables,ground_beef,salmon,muffins,chocolate,magazines
frozen_vegetables,ground_beef,mineral_water,olive_oil,pancakes,
frozen_vegetables,ground_beef,spaghetti,olive_oil,whole_wheat_rice,eggplant
frozen_vegetables,cake,cookies,pancakes,,
frozen_vegetables,whole_wheat_pasta,milk,pancakes,whole_wheat_rice,french_fries
frozen_vegetables,ground_beef,spaghetti,pancakes,honey,whole_wheat_rice
frozen_vegetables,mineral_water,chicken,salmon,eggs,pancakes
frozen_vegetables,ground_beef,mineral_water,salmon,honey,extra_dark_chocolate
frozen_vegetables,spaghetti,mineral_water,salmon,cake,body_spray
frozen_vegetables,almonds,pancakes,soda,,
frozen_vegetables,ground_beef,mineral_water,soup,milk,salmon
frozen_vegetables,spaghetti,mineral_water,soup,green_grapes,eggs
frozen_vegetables,spaghetti,mineral_water,soup,olive_oil,escalope
frozen_vegetables,tomatoes,mineral_water,soup,milk,salmon
frozen_vegetables,tomatoes,mineral_water,soup,milk,vegetables_mix
frozen_vegetables,tomatoes,ground_beef,spaghetti,avocado,olive_oil
frozen_vegetables,whole_wheat_pasta,ground_beef,spaghetti,milk,eggs
frozen_vegetables,whole_wheat_pasta,ground_beef,spaghetti,chocolate,green_tea
frozen_vegetables,tomatoes,pepper,spaghetti,mineral_water,pancakes
frozen_vegetables,parmesan_cheese,whole_wheat_pasta,spaghetti,mineral_water,chocolate
frozen_vegetables,tomatoes,mineral_water,strawberries,pancakes,
frozen_vegetables,spaghetti,mineral_water,vegetables_mix,,
frozen_vegetables,mineral_water,chocolate,whole_wheat_rice,,
frozen_vegetables,mineral_water,honey,whole_wheat_rice,champagne,escalope
frozen_vegetables,ground_beef,spaghetti,yams,zucchini,
frozen_vegetables,oil,cereals,,,
frozen_vegetables,rice,chocolate,,,
frozen_vegetables,soda,chocolate,,,
frozen_vegetables,strong_cheese,chocolate,,,
frozen_vegetables,mineral_water,eggs,,,
frozen_vegetables,spaghetti,eggs,,,
frozen_vegetables,cake,french_fries,,,
frozen_vegetables,spaghetti,green_tea,,,
frozen_vegetables,french_fries,hot_dogs,,,
frozen_vegetables,chicken,pancakes,,,
frozen_vegetables,chocolate,strawberries,,,
grated_cheese,whole_wheat_pasta,mineral_water,avocado,olive_oil,frozen_smoothie
grated_cheese,frozen_vegetables,spaghetti,avocado,milk,blueberries
grated_cheese,muffins,french_fries,body_spray,,
grated_cheese,red_wine,milk,chicken,cider,salmon
grated_cheese,ground_beef,spaghetti,chicken,extra_dark_chocolate,cereals
grated_cheese,pepper,mineral_water,chocolate,eggs,cake
grated_cheese,mineral_water,cake,chocolate_bread,,
grated_cheese,pepper,cake,chocolate_bread,chocolate,
grated_cheese,shrimp,french_fries,cookies,pancakes,tomato_juice
grated_cheese,butter,eggs,cooking_oil,,
grated_cheese,spaghetti,mineral_water,eggplant,green_tea,energy_drink
grated_cheese,frozen_vegetables,mineral_water,eggs,cooking_oil,
grated_cheese,herb_e_pepper,muffins,eggs,low_fat_yogurt,
grated_cheese,spaghetti,olive_oil,eggs,french_fries,green_tea
grated_cheese,mineral_water,olive_oil,energy_bar,,
grated_cheese,whole_wheat_pasta,olive_oil,energy_bar,light_cream,oil
grated_cheese,mineral_water,eggs,escalope,,
grated_cheese,pepper,spaghetti,escalope,,
grated_cheese,mineral_water,eggs,extra_dark_chocolate,yogurt_cake,
grated_cheese,mineral_water,chicken,french_fries,cottage_cheese,pancakes
grated_cheese,butter,chocolate,french_fries,cookies,
grated_cheese,mineral_water,cooking_oil,french_fries,cookies,low_fat_yogurt
grated_cheese,ground_beef,whole_wheat_rice,french_fries,escalope,
grated_cheese,frozen_vegetables,parmesan_cheese,french_wine,french_fries,fresh_bread
grated_cheese,herb_e_pepper,spaghetti,french_wine,chicken,eggs
grated_cheese,tomato_sauce,spaghetti,fromage_blanc,body_spray,
grated_cheese,whole_wheat_rice,chocolate,frozen_smoothie,,
grated_cheese,honey,cake,green_tea,,
grated_cheese,avocado,french_fries,green_tea,,
grated_cheese,vegetables_mix,nonfat_milk,green_tea,,
grated_cheese,shrimp,parmesan_cheese,ground_beef,mineral_water,mint
grated_cheese,herb_e_pepper,shrimp,ground_beef,spaghetti,mineral_water
grated_cheese,frozen_vegetables,eggs,gums,escalope,low_fat_yogurt
grated_cheese,tomatoes,mineral_water,meatballs,,
grated_cheese,frozen_vegetables,spaghetti,milk,gums,light_cream
grated_cheese,herb_e_pepper,spaghetti,milk,green_tea,
grated_cheese,tomato_sauce,spaghetti,milk,pancakes,energy_drink
grated_cheese,red_wine,tomato_sauce,milk,french_wine,whole_wheat_rice
grated_cheese,herb_e_pepper,ground_beef,mineral_water,rice,cooking_oil
grated_cheese,ground_beef,spaghetti,mineral_water,white_wine,
grated_cheese,red_wine,spaghetti,mineral_water,olive_oil,vegetables_mix
grated_cheese,tomatoes,spaghetti,mineral_water,milk,nonfat_milk
grated_cheese,tomatoes,spaghetti,mineral_water,soup,honey
grated_cheese,tomatoes,spaghetti,mineral_water,milk,
grated_cheese,frozen_vegetables,whole_wheat_pasta,mineral_water,milk,honey
grated_cheese,ground_beef,mineral_water,olive_oil,,
grated_cheese,herb_e_pepper,mineral_water,pancakes,chocolate,escalope
grated_cheese,shrimp,spaghetti,pancakes,cooking_oil,cookies
grated_cheese,ground_beef,almonds,salmon,spinach,barbecue_sauce
grated_cheese,mineral_water,chocolate,soup,milk,olive_oil
grated_cheese,herb_e_pepper,ground_beef,soup,almonds,french_fries
grated_cheese,frozen_vegetables,mineral_water,soup,milk,french_wine
grated_cheese,ground_beef,mineral_water,soup,olive_oil,eggs
grated_cheese,herb_e_pepper,mineral_water,soup,eggs,cake
grated_cheese,whole_wheat_pasta,ground_beef,spaghetti,cake,energy_drink
grated_cheese,ground_beef,pepper,spaghetti,milk,pancakes
grated_cheese,herb_e_pepper,red_wine,spaghetti,mineral_water,salmon
grated_cheese,spaghetti,salmon,tomato_juice,,
grated_cheese,herb_e_pepper,tomatoes,tomato_sauce,corn,
grated_cheese,shrimp,pasta,tomatoes,milk,frozen_smoothie
grated_cheese,parmesan_cheese,butter,whole_wheat_rice,cooking_oil,
grated_cheese,shrimp,butter,whole_wheat_rice,french_fries,escalope
grated_cheese,herb_e_pepper,whole_wheat_pasta,yams,mineral_water,bacon
grated_cheese,eggplant,cereals,,,
grated_cheese,mineral_water,cooking_oil,,,
grated_cheese,chocolate,escalope,,,
grated_cheese,spaghetti,french_fries,,,
grated_cheese,spinach,french_fries,,,
grated_cheese,pepper,green_tea,,,
grated_cheese,spaghetti,olive_oil,,,
green_tea,protein_bar,tomato_juice,candy_bars,,
green_tea,french_fries,escalope,shallot,,
green_tea,champagne,escalope,,,
green_tea,strawberries,gluten_free_bar,,,
green_tea,frozen_smoothie,white_wine,,,
ground_beef,spaghetti,mineral_water,almonds,salmon,nonfat_milk
ground_beef,yams,soup,avocado,salmon,green_tea
ground_beef,pepper,olive_oil,butter,green_grapes,cooking_oil
ground_beef,meatballs,salmon,cake,salt,tomato_juice
ground_beef,energy_bar,pet_food,carrots,protein_bar,
ground_beef,avocado,milk,chicken,rice,
ground_beef,spaghetti,pancakes,chicken,mint_green_tea,chocolate
ground_beef,pepper,mineral_water,chocolate,white_wine,
ground_beef,spaghetti,mineral_water,chocolate,escalope,
ground_beef,tomato_sauce,salmon,chocolate,green_tea,
ground_beef,spaghetti,honey,chocolate_bread,,
ground_beef,spaghetti,olive_oil,cookies,pasta,green_tea
ground_beef,spaghetti,cider,cooking_oil,cookies,
ground_beef,mineral_water,milk,eggs,,
ground_beef,mineral_water,milk,eggs,mint,
ground_beef,pepper,milk,eggs,green_tea,chocolate
ground_beef,spaghetti,mineral_water,eggs,chocolate,white_wine
ground_beef,almonds,french_fries,escalope,,
ground_beef,mineral_water,chocolate,fromage_blanc,bacon,hot_dogs
ground_beef,olive_oil,bug_spray,frozen_smoothie,hot_dogs,
ground_beef,pancakes,cooking_oil,gluten_free_bar,light_mayo,
ground_beef,chicken,cider,green_grapes,honey,chocolate
ground_beef,mineral_water,chocolate,green_tea,,
ground_beef,green_beans,french_fries,green_tea,,
ground_beef,spaghetti,french_fries,green_tea,,
ground_beef,chocolate,salmon,hot_dogs,,
ground_beef,mineral_water,chocolate,milk,olive_oil,black_tea
ground_beef,mineral_water,chocolate,milk,chicken,nonfat_milk
ground_beef,spaghetti,mineral_water,milk,energy_bar,black_tea
ground_beef,spaghetti,mineral_water,milk,eggs,strawberries
ground_beef,spaghetti,mineral_water,milk,frozen_smoothie,champagne
ground_beef,pepper,spaghetti,milk,vegetables_mix,burger_sauce
ground_beef,tomato_sauce,spaghetti,milk,hot_dogs,brownies
ground_beef,tomato_sauce,spaghetti,mineral_water,almonds,eggs
ground_beef,frozen_smoothie,cottage_cheese,mint,,
ground_beef,mineral_water,milk,oatmeal,chocolate,french_fries
ground_beef,soup,avocado,olive_oil,cake,chocolate_bread
ground_beef,yams,chocolate,olive_oil,eggs,
ground_beef,milk,energy_bar,pancakes,honey,cereals
ground_beef,honey,chicken,pasta,,
ground_beef,mineral_water,antioxydant_juice,protein_bar,,
ground_beef,spaghetti,chicken,rice,oil,cooking_oil
ground_beef,spaghetti,mineral_water,soup,chicken,pancakes
ground_beef,mineral_water,milk,spinach,,
ground_beef,vegetables_mix,honey,tomato_juice,,
ground_beef,chocolate,escalope,,,
ground_beef,milk,frozen_smoothie,,,
ground_beef,mineral_water,milk,,,
ground_beef,spaghetti,milk,,,
ground_beef,spaghetti,milk,,,
ground_beef,chocolate,mint,,,
ground_beef,whole_wheat_rice,mint,,,
ground_beef,mineral_water,pancakes,,,
ground_beef,green_tea,protein_bar,,,
ground_beef,mineral_water,protein_bar,,,
ham,soup,escalope,body_spray,,
ham,spaghetti,yams,chicken,cooking_oil,chocolate
ham,burgers,mineral_water,chocolate,butter,salmon
ham,shrimp,spaghetti,cookies,,
ham,mineral_water,spinach,cooking_oil,french_fries,protein_bar
ham,spaghetti,chocolate,eggs,,
ham,spaghetti,mineral_water,energy_bar,eggs,cooking_oil
ham,ground_beef,olive_oil,energy_bar,chicken,brownies
ham,eggs,french_fries,energy_drink,,
ham,spaghetti,eggs,frozen_smoothie,magazines,
ham,red_wine,corn,green_tea,,
ham,grated_cheese,frozen_vegetables,mineral_water,soup,eggs
ham,chocolate,ground_beef,mineral_water,oil,
ham,herb_e_pepper,spaghetti,mineral_water,chocolate,pancakes
ham,herb_e_pepper,tomato_sauce,mineral_water,green_grapes,eggs
ham,mineral_water,olive_oil,oil,carrots,cottage_cheese
ham,spaghetti,mineral_water,olive_oil,,
ham,grated_cheese,pepper,pancakes,honey,light_cream
ham,grated_cheese,herb_e_pepper,shrimp,ground_beef,spaghetti
ham,pepper,spaghetti,strawberries,white_wine,
ham,herb_e_pepper,frozen_vegetables,tomatoes,spaghetti,olive_oil
ham,herb_e_pepper,frozen_vegetables,tomatoes,whole_wheat_pasta,spaghetti
ham,spaghetti,french_wine,vegetables_mix,chocolate,french_fries
ham,frozen_vegetables,energy_bar,whole_weat_flour,green_tea,
ham,red_wine,ground_beef,yams,mineral_water,chocolate
ham,french_wine,escalope,,,
ham,escalope,green_tea,,,
herb_e_pepper,spaghetti,pancakes,cake,,
herb_e_pepper,red_wine,whole_wheat_pasta,cake,tomato_juice,
herb_e_pepper,frozen_vegetables,salmon,carrots,chocolate,french_fries
herb_e_pepper,ground_beef,mineral_water,chicken,,
herb_e_pepper,ground_beef,cooking_oil,chocolate,french_fries,
herb_e_pepper,shrimp,ground_beef,chocolate,milk,olive_oil
herb_e_pepper,ground_beef,spaghetti,chocolate,milk,eggs
herb_e_pepper,nonfat_milk,eggs,cooking_oil,,
herb_e_pepper,mineral_water,chocolate,eggs,cereals,escalope
herb_e_pepper,tomatoes,ground_beef,eggs,cooking_oil,
herb_e_pepper,whole_wheat_pasta,pepper,eggs,,
herb_e_pepper,shrimp,soup,eggs,oil,cooking_oil
herb_e_pepper,ground_beef,spaghetti,eggs,chicken,
herb_e_pepper,red_wine,spaghetti,eggs,whole_wheat_rice,chocolate
herb_e_pepper,shrimp,spaghetti,eggs,,
herb_e_pepper,spaghetti,milk,energy_bar,eggs,light_cream
herb_e_pepper,ground_beef,spaghetti,french_fries,escalope,tomato_juice
herb_e_pepper,shrimp,tomatoes,ground_beef,spaghetti,olive_oil
herb_e_pepper,whole_wheat_pasta,spaghetti,honey,green_tea,
herb_e_pepper,pancakes,eggs,light_cream,light_mayo,
herb_e_pepper,tomato_sauce,light_cream,magazines,,
herb_e_pepper,ground_beef,mineral_water,meatballs,milk,energy_bar
herb_e_pepper,shrimp,frozen_vegetables,milk,butter,salmon
herb_e_pepper,frozen_vegetables,ground_beef,milk,,
herb_e_pepper,spaghetti,meatballs,milk,olive_oil,chicken
herb_e_pepper,shrimp,tomatoes,milk,eggs,light_cream
herb_e_pepper,whole_wheat_pasta,ground_beef,mineral_water,avocado,cider
herb_e_pepper,whole_wheat_pasta,ground_beef,mineral_water,olive_oil,
herb_e_pepper,red_wine,shrimp,mineral_water,barbecue_sauce,protein_bar
herb_e_pepper,ground_beef,spaghetti,mineral_water,chocolate,black_tea
herb_e_pepper,frozen_vegetables,tomato_sauce,mineral_water,soup,milk
herb_e_pepper,parmesan_cheese,whole_wheat_pasta,mineral_water,milk,eggs
herb_e_pepper,frozen_vegetables,mineral_water,muffins,cereals,
herb_e_pepper,ground_beef,escalope,pancakes,green_tea,
herb_e_pepper,shrimp,mineral_water,pancakes,eggs,cake
herb_e_pepper,whole_wheat_pasta,olive_oil,pancakes,eggs,
herb_e_pepper,frozen_vegetables,tomatoes,parmesan_cheese,ground_beef,fromage_blanc
herb_e_pepper,frozen_vegetables,ground_beef,pepper,spaghetti,mint_green_tea
herb_e_pepper,parmesan_cheese,ground_beef,pepper,spaghetti,chocolate_bread
herb_e_pepper,honey,cake,rice,protein_bar,
herb_e_pepper,shrimp,pasta,spaghetti,milk,
herb_e_pepper,spaghetti,mineral_water,spinach,eggs,oil
herb_e_pepper,frozen_vegetables,ground_beef,tomato_sauce,spaghetti,mineral_water
herb_e_pepper,shrimp,frozen_vegetables,tomatoes,avocado,chicken
herb_e_pepper,spaghetti,cooking_oil,toothpaste,,
herb_e_pepper,mineral_water,salmon,whole_weat_flour,light_mayo,salt
herb_e_pepper,spaghetti,mineral_water,whole_wheat_rice,cake,hot_dogs
herb_e_pepper,mineral_water,salmon,whole_wheat_rice,cake,green_tea
herb_e_pepper,shrimp,whole_wheat_pasta,whole_wheat_rice,chicken,green_tea
herb_e_pepper,chocolate,champagne,yogurt_cake,green_tea,
herb_e_pepper,mineral_water,whole_wheat_rice,yogurt_cake,low_fat_yogurt,
herb_e_pepper,pet_food,cookies,,,
herb_e_pepper,eggs,escalope,,,
herb_e_pepper,olive_oil,fresh_bread,,,
herb_e_pepper,parmesan_cheese,frozen_smoothie,,,
herb_e_pepper,red_wine,tomatoes,,,
honey,chocolate,french_fries,brownies,,
honey,french_fries,escalope,,,
light_cream,chocolate,pancakes,yogurt_cake,,
meatballs,milk,honey,french_fries,protein_bar,
milk,whole_wheat_rice,escalope,champagne,,
milk,eggs,cake,chocolate,french_fries,green_tea
milk,cooking_oil,chicken,chocolate,escalope,mushroom_cream_sauce
milk,salmon,whole_weat_flour,chocolate,low_fat_yogurt,
milk,bug_spray,oatmeal,chocolate_bread,,
milk,olive_oil,light_cream,cooking_oil,chicken,extra_dark_chocolate
milk,butter,pancakes,eggs,,
milk,eggs,cake,french_fries,,
milk,eggs,cake,french_fries,,
milk,bacon,eggs,french_fries,fresh_bread,
milk,cake,gums,french_fries,green_tea,
milk,energy_bar,eggs,frozen_smoothie,mint,
milk,tomato_juice,low_fat_yogurt,green_tea,,
milk,butter,french_fries,mushroom_cream_sauce,brownies,
milk,escalope,shallot,strawberries,,
milk,muffins,honey,whole_weat_flour,green_tea,
milk,butter,eggs,,,
milk,cake,green_tea,,,
milk,energy_bar,green_tea,,,
milk,frozen_smoothie,low_fat_yogurt,,,
milk,yogurt_cake,melons,,,
milk,chicken,mint_green_tea,,,
milk,chocolate,white_wine,,,
mineral_water,milk,almonds,bacon,eggs,rice
mineral_water,milk,energy_bar,barbecue_sauce,chocolate,low_fat_yogurt
mineral_water,milk,olive_oil,black_tea,light_mayo,
mineral_water,soup,bacon,cake,light_cream,eggplant
mineral_water,avocado,eggs,cake,low_fat_yogurt,
mineral_water,soup,eggs,cake,rice,cooking_oil
mineral_water,fromage_blanc,whole_wheat_rice,cake,french_fries,
mineral_water,soup,almonds,cereals,green_tea,
mineral_water,almonds,cooking_oil,cereals,protein_bar,white_wine
mineral_water,milk,escalope,champagne,hot_dogs,fresh_bread
mineral_water,chocolate,french_wine,champagne,,
mineral_water,chocolate,rice,champagne,,
mineral_water,milk,vegetables_mix,chicken,green_tea,chocolate
mineral_water,eggs,chicken,chocolate,french_fries,
mineral_water,milk,eggs,chocolate,,
mineral_water,chicken,oil,chocolate,frozen_smoothie,mint
mineral_water,milk,oil,chocolate,escalope,hot_dogs
mineral_water,almonds,pancakes,chocolate,french_fries,green_tea
mineral_water,chicken,cereals,clothes_accessories,,
mineral_water,chocolate,french_fries,cookies,,
mineral_water,cake,frozen_smoothie,cookies,yogurt_cake,
mineral_water,olive_oil,gums,cooking_oil,,
mineral_water,whole_wheat_rice,rice,cooking_oil,chocolate,fresh_bread
mineral_water,milk,spinach,cooking_oil,chocolate,frozen_smoothie
mineral_water,salmon,frozen_smoothie,cottage_cheese,,
mineral_water,chocolate,avocado,eggs,,
mineral_water,milk,french_wine,eggs,chocolate,
mineral_water,soup,meatballs,energy_bar,cottage_cheese,brownies
mineral_water,eggplant,french_fries,escalope,tomato_juice,toothpaste
mineral_water,chocolate,olive_oil,flax_seed,black_tea,french_wine
mineral_water,energy_bar,butter,french_fries,,
mineral_water,energy_bar,cake,french_fries,,
mineral_water,pancakes,eggs,french_fries,,
mineral_water,butter,pancakes,french_fries,frozen_smoothie,white_wine
mineral_water,green_grapes,hot_dogs,fresh_bread,,
mineral_water,vegetables_mix,cake,frozen_smoothie,brownies,
mineral_water,chicken,french_fries,frozen_smoothie,,
mineral_water,energy_bar,vegetables_mix,green_grapes,,
mineral_water,french_fries,champagne,green_tea,,
mineral_water,milk,salmon,green_tea,cookies,fresh_bread
mineral_water,milk,cider,gums,extra_dark_chocolate,french_fries
mineral_water,soup,chicken,light_cream,green_tea,chocolate
mineral_water,cake,chocolate,low_fat_yogurt,candy_bars,
mineral_water,energy_bar,chocolate,low_fat_yogurt,,
mineral_water,milk,honey,low_fat_yogurt,,
mineral_water,meatballs,olive_oil,muffins,whole_wheat_rice,yogurt_cake
mineral_water,milk,chicken,oil,carrots,cereals
mineral_water,soup,milk,olive_oil,green_beans,french_fries
mineral_water,olive_oil,strong_cheese,pancakes,clothes_accessories,french_fries
mineral_water,soup,muffins,pet_food,eggplant,low_fat_yogurt
mineral_water,chocolate,milk,salmon,pancakes,chicken
mineral_water,soup,milk,salmon,cooking_oil,
mineral_water,french_fries,cookies,shallot,low_fat_yogurt,
mineral_water,eggs,blueberries,soda,escalope,
mineral_water,meatballs,french_fries,strawberries,green_tea,
mineral_water,cake,chocolate,tomato_juice,,
mineral_water,cake,protein_bar,toothpaste,,
mineral_water,pancakes,eggs,whole_wheat_rice,yogurt_cake,green_tea
mineral_water,milk,energy_bar,whole_wheat_rice,green_tea,
mineral_water,honey,brownies,,,
mineral_water,honey,cake,,,
mineral_water,avocado,chocolate,,,
mineral_water,barbecue_sauce,chocolate,,,
mineral_water,cooking_oil,chocolate,,,
mineral_water,cake,cottage_cheese,,,
mineral_water,vegetables_mix,eggs,,,
mineral_water,olive_oil,extra_dark_chocolate,,,
mineral_water,chocolate,fresh_bread,,,
mineral_water,chocolate,frozen_smoothie,,,
mineral_water,oil,frozen_smoothie,,,
mineral_water,french_wine,gluten_free_bar,,,
mineral_water,chicken,green_tea,,,
mineral_water,eggs,green_tea,,,
mineral_water,french_wine,green_tea,,,
mineral_water,cake,honey,,,
mineral_water,honey,hot_dogs,,,
mineral_water,body_spray,low_fat_yogurt,,,
mineral_water,chocolate,low_fat_yogurt,,,
mineral_water,eggs,low_fat_yogurt,,,
mineral_water,vegetables_mix,low_fat_yogurt,,,
mineral_water,whole_wheat_rice,low_fat_yogurt,,,
mineral_water,meatballs,milk,,,
mineral_water,eggs,pancakes,,,
mineral_water,milk,pancakes,,,
mineral_water,eggs,protein_bar,,,
muffins,champagne,cookies,fresh_bread,green_tea,
muffins,french_fries,escalope,gluten_free_bar,,
muffins,blueberries,pet_food,green_tea,toothpaste,
muffins,french_fries,escalope,hot_dogs,,
muffins,chicken,fresh_bread,white_wine,,
muffins,green_tea,brownies,,,
muffins,hot_dogs,brownies,,,
muffins,eggs,cookies,,,
muffins,french_fries,frozen_smoothie,,,
muffins,green_grapes,hot_dogs,,,
muffins,french_fries,yogurt_cake,,,
nonfat_milk,tomato_juice,green_tea,,,
nonfat_milk,cookies,mushroom_cream_sauce,,,
oil,salt,low_fat_yogurt,,,
olive_oil,chicken,chocolate,cookies,green_tea,
olive_oil,cake,eggplant,french_fries,brownies,salt
olive_oil,energy_bar,frozen_smoothie,pancakes,,
olive_oil,cake,energy_drink,,,
olive_oil,cookies,mushroom_cream_sauce,,,
olive_oil,energy_bar,shallot,,,
pancakes,eggs,energy_drink,fresh_bread,,
pancakes,eggs,cake,green_tea,toothpaste,
pancakes,energy_drink,melons,green_tea,,
pancakes,eggs,salt,tomato_juice,,
pancakes,tomato_juice,candy_bars,,,
pancakes,whole_wheat_rice,candy_bars,,,
pancakes,eggs,champagne,,,
pancakes,cereals,chocolate,,,
pancakes,eggs,french_fries,,,
pancakes,melons,green_tea,,,
parmesan_cheese,spaghetti,soup,avocado,milk,fresh_bread
parmesan_cheese,milk,butter,black_tea,eggs,frozen_smoothie
parmesan_cheese,ground_beef,spaghetti,blueberries,rice,oil
parmesan_cheese,soda,french_fries,brownies,,
parmesan_cheese,whole_wheat_rice,escalope,champagne,,
parmesan_cheese,mineral_water,fromage_blanc,eggs,honey,frozen_smoothie
parmesan_cheese,cake,hot_dogs,green_tea,,
parmesan_cheese,ground_beef,salmon,pancakes,champagne,
parmesan_cheese,spaghetti,soda,pet_food,white_wine,
parmesan_cheese,mineral_water,extra_dark_chocolate,toothpaste,candy_bars,
parmesan_cheese,mineral_water,champagne,white_wine,low_fat_yogurt,
pepper,spaghetti,eggs,bug_spray,pancakes,energy_drink
pepper,spaghetti,cake,chocolate,french_fries,fresh_bread
pepper,chocolate,french_fries,cookies,strawberries,chocolate_bread
pepper,burger_sauce,antioxydant_juice,energy_drink,,
pepper,spaghetti,mineral_water,escalope,mint,
pepper,chocolate,olive_oil,french_wine,salmon,rice
pepper,mineral_water,energy_bar,green_grapes,,
pepper,mineral_water,soup,milk,french_wine,pancakes
pepper,chocolate,blueberries,oil,fresh_bread,low_fat_yogurt
pepper,mineral_water,avocado,pancakes,eggs,honey
pepper,french_fries,strawberries,pancakes,low_fat_yogurt,
pepper,mineral_water,escalope,shallot,protein_bar,white_wine
pepper,pancakes,french_fries,tomato_juice,,
pepper,tomato_sauce,escalope,,,
pepper,spaghetti,light_cream,,,
pepper,milk,oil,,,
pepper,milk,salmon,,,
pickles,shrimp,milk,cake,french_fries,brownies
pickles,herb_e_pepper,frozen_vegetables,cider,eggs,brownies
pickles,spaghetti,salmon,escalope,,
pickles,spaghetti,french_fries,frozen_smoothie,,
pickles,frozen_vegetables,chocolate,green_tea,,
pickles,burgers,almonds,honey,frozen_smoothie,
pickles,ground_beef,yams,milk,strong_cheese,salmon
pickles,spaghetti,mineral_water,olive_oil,cooking_oil,cereals
pickles,champagne,green_tea,,,
red_wine,mineral_water,soup,avocado,,
red_wine,spaghetti,olive_oil,cake,fresh_bread,
red_wine,tomatoes,spaghetti,chocolate,chicken,bacon
red_wine,cake,french_fries,cookies,protein_bar,
red_wine,shrimp,frozen_vegetables,eggs,rice,green_tea
red_wine,spaghetti,milk,eggs,chocolate,
red_wine,mineral_water,soup,eggs,pet_food,tomato_juice
red_wine,shrimp,yams,eggs,burger_sauce,yogurt_cake
red_wine,ground_beef,spaghetti,mineral_water,milk,olive_oil
red_wine,ground_beef,spaghetti,mineral_water,eggs,
red_wine,mineral_water,muffins,pancakes,honey,cake
red_wine,ground_beef,spaghetti,pancakes,blueberries,oil
red_wine,shrimp,pasta,pepper,eggs,chocolate
red_wine,mineral_water,oil,pet_food,,
red_wine,mineral_water,soup,rice,cookies,
red_wine,french_wine,vegetables_mix,rice,clothes_accessories,hot_dogs
red_wine,shrimp,chocolate,salmon,rice,whole_weat_flour
red_wine,spaghetti,mineral_water,soup,milk,eggs
red_wine,butter,hot_dogs,,,
red_wine,honey,hot_dogs,,,
red_wine,mineral_water,olive_oil,,,
red_wine,gums,pet_food,,,
red_wine,shrimp,spaghetti,,,
red_wine,extra_dark_chocolate,whole_weat_flour,,,
rice,burger_sauce,french_fries,frozen_smoothie,chocolate_bread,fresh_bread
salmon,escalope,shallot,strawberries,fresh_bread,low_fat_yogurt
salmon,eggs,cake,,,
salmon,chicken,green_tea,,,
salt,tomato_juice,fresh_bread,,,
shrimp,soup,milk,almonds,eggs,oil
shrimp,mineral_water,chocolate,avocado,butter,zucchini
shrimp,spaghetti,mineral_water,avocado,milk,salmon
shrimp,frozen_vegetables,parmesan_cheese,avocado,chicken,eggs
shrimp,mineral_water,soup,black_tea,,
shrimp,ground_beef,spaghetti,bug_spray,chocolate,strawberries
shrimp,parmesan_cheese,eggs,cake,green_tea,french_fries
shrimp,pasta,soup,cake,cooking_oil,chicken
shrimp,chocolate,mushroom_cream_sauce,candy_bars,,
shrimp,milk,butter,chicken,salt,
shrimp,spaghetti,mineral_water,chocolate,salmon,eggs
shrimp,tomato_sauce,mineral_water,chocolate,escalope,mint
shrimp,tomatoes,mineral_water,chocolate,,
shrimp,butter,soda,chocolate,tomato_juice,
shrimp,parmesan_cheese,soup,chocolate,brownies,
shrimp,pasta,chicken,chocolate_bread,,
shrimp,pasta,frozen_vegetables,chocolate_bread,,
shrimp,mineral_water,pancakes,clothes_accessories,champagne,protein_bar
shrimp,tomatoes,soup,clothes_accessories,green_tea,
shrimp,mineral_water,black_tea,cookies,,
shrimp,salmon,eggs,cookies,hot_dogs,
shrimp,chocolate,butter,cooking_oil,escalope,
shrimp,spaghetti,mineral_water,cooking_oil,escalope,low_fat_yogurt
shrimp,light_cream,rice,cooking_oil,chicken,extra_dark_chocolate
shrimp,frozen_vegetables,tomatoes,cottage_cheese,,
shrimp,mineral_water,almonds,eggs,cake,blueberries
shrimp,spaghetti,black_tea,eggs,cake,cookies
shrimp,frozen_vegetables,mineral_water,eggs,chocolate,cottage_cheese
shrimp,parmesan_cheese,mineral_water,eggs,cake,oil
shrimp,pasta,mineral_water,eggs,,
shrimp,mineral_water,olive_oil,eggs,cake,
shrimp,pasta,spaghetti,eggs,hot_dogs,green_tea
shrimp,pasta,tomatoes,energy_bar,french_wine,antioxydant_juice
shrimp,honey,pasta,energy_drink,green_tea,
shrimp,honey,frozen_smoothie,escalope,hot_dogs,
shrimp,spaghetti,chocolate,french_fries,escalope,cookies
shrimp,cider,eggs,french_fries,,
shrimp,milk,olive_oil,french_fries,,
shrimp,tomatoes,spaghetti,green_beans,,
shrimp,mineral_water,extra_dark_chocolate,green_tea,,
shrimp,frozen_vegetables,mineral_water,green_tea,,
shrimp,chocolate,chicken,honey,oil,cooking_oil
shrimp,spaghetti,chocolate,light_mayo,,
shrimp,champagne,pasta,magazines,,
shrimp,frozen_vegetables,mineral_water,meatballs,energy_bar,french_fries
shrimp,whole_wheat_pasta,spaghetti,meatballs,chicken,frozen_smoothie
shrimp,whole_wheat_pasta,meatballs,milk,,
shrimp,spaghetti,mineral_water,milk,french_wine,strong_cheese
shrimp,frozen_vegetables,parmesan_cheese,milk,eggs,cooking_oil
shrimp,frozen_vegetables,whole_wheat_pasta,milk,chicken,whole_wheat_rice
shrimp,pasta,yams,milk,chocolate,
shrimp,frozen_vegetables,parmesan_cheese,mineral_water,whole_wheat_rice,cake
shrimp,tomatoes,spaghetti,mineral_water,chocolate,chicken
shrimp,frozen_vegetables,tomato_sauce,mineral_water,chocolate,soup
shrimp,spaghetti,yams,mineral_water,chocolate,olive_oil
shrimp,frozen_vegetables,spaghetti,mint,,
shrimp,eggs,chocolate,mushroom_cream_sauce,low_fat_yogurt,
shrimp,vegetables_mix,cookies,mushroom_cream_sauce,hot_dogs,
shrimp,mineral_water,meatballs,olive_oil,,
shrimp,frozen_vegetables,mineral_water,pancakes,cake,chocolate
shrimp,spaghetti,vegetables_mix,rice,cookies,hot_dogs
shrimp,milk,whole_wheat_rice,rice,,
shrimp,butter,chicken,salmon,,
shrimp,mineral_water,energy_drink,salt,magazines,
shrimp,pasta,mineral_water,soup,avocado,milk
shrimp,pepper,mineral_water,soup,milk,eggs
shrimp,spaghetti,mineral_water,soup,milk,olive_oil
shrimp,spaghetti,mineral_water,soup,milk,chocolate_bread
shrimp,frozen_vegetables,parmesan_cheese,spaghetti,salmon,carrots
shrimp,tomatoes,parmesan_cheese,spaghetti,avocado,meatballs
shrimp,frozen_vegetables,pepper,spaghetti,green_tea,
shrimp,whole_wheat_pasta,pepper,spaghetti,flax_seed,black_tea
shrimp,frozen_vegetables,tomatoes,spaghetti,eggs,champagne
shrimp,frozen_vegetables,tomatoes,spaghetti,,
shrimp,frozen_vegetables,tomatoes,spaghetti,,
shrimp,frozen_vegetables,ground_beef,tomato_sauce,spaghetti,mineral_water
shrimp,tomatoes,parmesan_cheese,whole_wheat_pasta,black_tea,eggs
shrimp,frozen_vegetables,tomatoes,whole_wheat_pasta,chocolate,french_fries
shrimp,spaghetti,french_fries,,,
shrimp,butter,fresh_bread,,,
shrimp,body_spray,green_tea,,,
shrimp,fresh_bread,green_tea,,,
shrimp,frozen_vegetables,green_tea,,,
shrimp,frozen_vegetables,spaghetti,,,
shrimp,frozen_vegetables,tomatoes,,,
soda,oil,barbecue_sauce,pancakes,,
soup,meatballs,milk,almonds,green_tea,
soup,fromage_blanc,eggs,cake,carrots,frozen_smoothie
soup,milk,cider,chicken,green_beans,
soup,blueberries,cooking_oil,chocolate,cookies,champagne
soup,energy_bar,chicken,eggs,cake,french_fries
soup,meatballs,milk,energy_bar,,
soup,olive_oil,light_cream,extra_dark_chocolate,low_fat_yogurt,
soup,avocado,french_fries,hot_dogs,brownies,body_spray
soup,olive_oil,pancakes,light_cream,champagne,low_fat_yogurt
soup,cookies,brownies,light_mayo,,
soup,bug_spray,shallot,protein_bar,green_tea,
soup,olive_oil,eggs,soda,corn,
soup,chicken,gums,soda,body_spray,energy_drink
soup,milk,bacon,whole_wheat_rice,cooking_oil,chicken
soup,olive_oil,light_mayo,zucchini,green_tea,
soup,milk,brownies,,,
soup,chocolate,candy_bars,,,
soup,barbecue_sauce,cookies,,,
soup,oatmeal,green_tea,,,
soup,meatballs,hot_dogs,,,
soup,escalope,mint,,,
soup,milk,salmon,,,
soup,light_cream,shallot,,,
spaghetti,mineral_water,ham,body_spray,pancakes,green_tea
spaghetti,olive_oil,flax_seed,bug_spray,,
spaghetti,mineral_water,eggs,burger_sauce,cooking_oil,french_fries
spaghetti,soup,milk,carrots,chocolate,
spaghetti,yams,butter,chocolate,,
spaghetti,milk,fromage_blanc,chocolate,chocolate_bread,
spaghetti,eggs,ham,chocolate,french_fries,champagne
spaghetti,meatballs,vegetables_mix,chocolate,,
spaghetti,soup,milk,chocolate_bread,cooking_oil,
spaghetti,mineral_water,soup,cider,chocolate_bread,eggs
spaghetti,honey,cooking_oil,cookies,,
spaghetti,whole_wheat_rice,french_fries,cookies,green_tea,
spaghetti,mineral_water,eggs,cooking_oil,chocolate,escalope
spaghetti,mineral_water,milk,corn,,
spaghetti,vegetables_mix,rice,eggplant,green_tea,
spaghetti,yams,green_grapes,eggs,french_fries,
spaghetti,mineral_water,spinach,eggs,rice,mint_green_tea
spaghetti,mineral_water,vegetables_mix,eggs,whole_wheat_rice,fresh_bread
spaghetti,salmon,cake,energy_drink,,
spaghetti,mineral_water,chocolate,escalope,,
spaghetti,mineral_water,cooking_oil,escalope,,
spaghetti,mineral_water,chocolate,french_fries,champagne,escalope
spaghetti,milk,olive_oil,french_fries,escalope,hot_dogs
spaghetti,chocolate,cake,fresh_bread,white_wine,
spaghetti,eggs,chocolate,frozen_smoothie,cookies,green_tea
spaghetti,mineral_water,extra_dark_chocolate,green_tea,zucchini,
spaghetti,milk,frozen_smoothie,green_tea,,
spaghetti,meatballs,nonfat_milk,hot_dogs,,
spaghetti,mineral_water,cake,light_cream,cooking_oil,eggplant
spaghetti,milk,olive_oil,low_fat_yogurt,,
spaghetti,mineral_water,chocolate,milk,chicken,burger_sauce
spaghetti,milk,whole_wheat_rice,mint_green_tea,,
spaghetti,olive_oil,cake,mushroom_cream_sauce,,
spaghetti,chicken,chocolate_bread,pancakes,gluten_free_bar,
spaghetti,champagne,cottage_cheese,pancakes,light_mayo,green_tea
spaghetti,mineral_water,french_fries,pancakes,,
spaghetti,mineral_water,milk,pancakes,chocolate,french_fries
spaghetti,olive_oil,strong_cheese,pancakes,,
spaghetti,soup,cake,pet_food,hot_dogs,body_spray
spaghetti,mineral_water,eggs,pet_food,,
spaghetti,mineral_water,soup,salmon,pancakes,chicken
spaghetti,soup,vegetables_mix,spinach,french_fries,escalope
spaghetti,mineral_water,honey,strawberries,,
spaghetti,mineral_water,milk,strong_cheese,cereals,escalope
spaghetti,chocolate,brownies,white_wine,green_tea,
spaghetti,oil,cooking_oil,white_wine,,
spaghetti,chicken,green_tea,white_wine,,
spaghetti,energy_bar,pancakes,whole_wheat_rice,cake,french_fries
spaghetti,olive_oil,blueberries,,,
spaghetti,avocado,brownies,,,
spaghetti,milk,chicken,,,
spaghetti,mineral_water,chicken,,,
spaghetti,champagne,cookies,,,
spaghetti,eggs,eggplant,,,
spaghetti,chicken,eggs,,,
spaghetti,pancakes,french_fries,,,
spaghetti,whole_wheat_rice,french_fries,,,
spaghetti,mineral_water,milk,,,
spaghetti,escalope,mushroom_cream_sauce,,,
spaghetti,milk,oil,,,
spaghetti,chocolate,yogurt_cake,,,
spinach,chocolate,french_fries,,,
strawberries,fresh_bread,white_wine,,,
strong_cheese,salmon,green_tea,french_fries,frozen_smoothie,hot_dogs
tomato_sauce,soup,blueberries,burger_sauce,cookies,low_fat_yogurt
tomato_sauce,spaghetti,mineral_water,chocolate,honey,cooking_oil
tomato_sauce,oil,clothes_accessories,,,
tomatoes,avocado,eggs,cake,energy_drink,
tomatoes,mineral_water,soup,cake,chocolate,
tomatoes,almonds,cake,champagne,low_fat_yogurt,
tomatoes,mineral_water,meatballs,chicken,pancakes,eggs
tomatoes,spaghetti,meatballs,chicken,eggs,
tomatoes,ground_beef,mineral_water,eggs,cake,green_tea
tomatoes,soup,french_fries,escalope,tomato_juice,
tomatoes,mineral_water,olive_oil,extra_dark_chocolate,,
tomatoes,milk,muffins,french_fries,,
tomatoes,whole_weat_flour,green_tea,fresh_bread,white_wine,
tomatoes,ground_beef,soda,frozen_smoothie,mint,
tomatoes,ground_beef,chicken,green_tea,escalope,
tomatoes,burger_sauce,chocolate,green_tea,,
tomatoes,mineral_water,chocolate,light_mayo,,
tomatoes,ground_beef,avocado,milk,pancakes,green_tea
tomatoes,soup,avocado,milk,yogurt_cake,energy_drink
tomatoes,spaghetti,chocolate,milk,olive_oil,whole_wheat_rice
tomatoes,spaghetti,mineral_water,milk,energy_bar,spinach
tomatoes,ground_beef,spaghetti,mineral_water,strawberries,chocolate_bread
tomatoes,ground_beef,mineral_water,muffins,escalope,protein_bar
tomatoes,spaghetti,olive_oil,oil,,
tomatoes,chocolate,soup,pancakes,,
tomatoes,milk,almonds,salmon,pancakes,carrots
tomatoes,whole_wheat_pasta,ground_beef,spaghetti,mineral_water,olive_oil
tomatoes,soup,green_grapes,whole_weat_flour,,
tomatoes,french_fries,body_spray,yogurt_cake,,
tomatoes,milk,almonds,,,
tomatoes,mineral_water,eggplant,,,
tomatoes,spaghetti,frozen_smoothie,,,
tomatoes,champagne,green_tea,,,
tomatoes,pepper,mineral_water,,,
tomatoes,blueberries,mint,,,
turkey,mineral_water,whole_wheat_rice,body_spray,energy_drink,green_tea
turkey,ground_beef,eggs,burger_sauce,chicken,barbecue_sauce
turkey,tomato_sauce,milk,butter,bacon,salmon
turkey,frozen_vegetables,avocado,cake,light_cream,cooking_oil
turkey,shrimp,olive_oil,chicken,eggs,extra_dark_chocolate
turkey,tomatoes,eggs,chocolate,,
turkey,burgers,ground_beef,chocolate,soup,almonds
turkey,burgers,mineral_water,chocolate,avocado,cake
turkey,red_wine,mineral_water,chocolate,soup,light_cream
turkey,frozen_vegetables,mineral_water,cider,cooking_oil,green_tea
turkey,honey,cake,clothes_accessories,french_fries,green_tea
turkey,mineral_water,eggs,cooking_oil,extra_dark_chocolate,escalope
turkey,burgers,nonfat_milk,cooking_oil,energy_drink,
turkey,yams,whole_wheat_rice,cooking_oil,brownies,
turkey,frozen_vegetables,avocado,eggs,whole_wheat_rice,melons
turkey,frozen_vegetables,chicken,eggs,frozen_smoothie,chocolate_bread
turkey,shrimp,frozen_vegetables,eggs,,
turkey,burgers,mineral_water,eggs,cooking_oil,
turkey,red_wine,mineral_water,eggs,chocolate_bread,
turkey,tomatoes,mineral_water,eggs,blueberries,
turkey,herb_e_pepper,spaghetti,eggs,,
turkey,spaghetti,milk,energy_bar,french_wine,eggs
turkey,eggs,cake,energy_drink,,
turkey,ground_beef,carrots,french_fries,melons,
turkey,burgers,french_wine,french_fries,green_tea,
turkey,burgers,pancakes,french_fries,strawberries,green_tea
turkey,burgers,yams,french_fries,,
turkey,burgers,spaghetti,french_wine,eggs,
turkey,pepper,chocolate,fromage_blanc,eggs,green_tea
turkey,mineral_water,butter,frozen_smoothie,,
turkey,eggs,chocolate,frozen_smoothie,tomato_juice,
turkey,chocolate,grated_cheese,frozen_vegetables,ground_beef,spaghetti
turkey,grated_cheese,honey,green_beans,french_fries,
turkey,vegetables_mix,gums,green_tea,,
turkey,burgers,dessert_wine,ground_beef,soup,salmon
turkey,burgers,frozen_vegetables,ground_beef,mineral_water,milk
turkey,herb_e_pepper,frozen_vegetables,ground_beef,yams,mineral_water
turkey,burgers,herb_e_pepper,ground_beef,yams,mineral_water
turkey,pepper,black_tea,honey,cake,bug_spray
turkey,shrimp,escalope,hot_dogs,,
turkey,shrimp,eggs,light_cream,cottage_cheese,
turkey,eggs,french_fries,low_fat_yogurt,zucchini,
turkey,parmesan_cheese,spaghetti,meatballs,butter,
turkey,burgers,ground_beef,milk,bacon,eggs
turkey,burgers,ground_beef,milk,olive_oil,cake
turkey,fresh_tuna,mineral_water,milk,eggs,cake
turkey,shrimp,mineral_water,milk,almonds,strong_cheese
turkey,spaghetti,mineral_water,milk,flax_seed,chicken
turkey,ground_beef,spaghetti,milk,eggs,cake
turkey,tomatoes,spaghetti,milk,cider,eggs
turkey,burgers,frozen_vegetables,mineral_water,milk,cake
turkey,burgers,frozen_vegetables,mineral_water,nonfat_milk,champagne
turkey,shrimp,frozen_vegetables,mineral_water,chocolate,olive_oil
turkey,tomatoes,spaghetti,mineral_water,,
turkey,whole_wheat_pasta,spaghetti,mineral_water,black_tea,pancakes
turkey,burgers,whole_wheat_pasta,mineral_water,milk,whole_wheat_rice
turkey,spaghetti,mineral_water,oil,mint_green_tea,energy_drink
turkey,chocolate,whole_wheat_rice,oil,,
turkey,burgers,chocolate,olive_oil,eggs,cooking_oil
turkey,burgers,soup,olive_oil,salmon,oatmeal
turkey,mineral_water,milk,pancakes,whole_wheat_rice,cooking_oil
turkey,red_wine,mineral_water,pancakes,eggs,whole_wheat_rice
turkey,burgers,spaghetti,pancakes,eggplant,
turkey,ground_beef,spaghetti,pancakes,eggs,cake
turkey,fresh_tuna,tomatoes,pancakes,,
turkey,ham,frozen_vegetables,pepper,oil,extra_dark_chocolate
turkey,shrimp,pasta,pepper,spaghetti,mineral_water
turkey,mineral_water,green_tea,protein_bar,,
turkey,pepper,light_mayo,protein_bar,,
turkey,herb_e_pepper,ground_beef,soup,avocado,milk
turkey,tomatoes,ground_beef,soup,milk,butter
turkey,spaghetti,mineral_water,soup,spinach,soda
turkey,ground_beef,spaghetti,soup,escalope,yogurt_cake
turkey,frozen_vegetables,tomatoes,soup,butter,french_wine
turkey,burgers,fresh_tuna,spaghetti,pancakes,eggs
turkey,shrimp,frozen_vegetables,spaghetti,mineral_water,toothpaste
turkey,red_wine,ground_beef,spaghetti,mineral_water,milk
turkey,ground_beef,pepper,spaghetti,honey,cookies
turkey,fresh_tuna,shrimp,spaghetti,,
turkey,fresh_tuna,tomatoes,spaghetti,mineral_water,black_tea
turkey,green_grapes,champagne,strawberries,green_tea,
turkey,spaghetti,strong_cheese,strawberries,,
turkey,fresh_tuna,frozen_vegetables,tomatoes,ground_beef,spaghetti
turkey,herb_e_pepper,frozen_vegetables,tomatoes,chocolate,milk
turkey,burgers,grated_cheese,tomatoes,chocolate,fromage_blanc
turkey,grated_cheese,shrimp,tomatoes,spaghetti,olive_oil
turkey,burgers,butter,vegetables_mix,green_grapes,pancakes
turkey,grated_cheese,energy_bar,vegetables_mix,brownies,
turkey,herb_e_pepper,salmon,white_wine,candy_bars,
turkey,ham,frozen_vegetables,whole_wheat_pasta,spaghetti,mineral_water
turkey,milk,energy_bar,whole_wheat_rice,yogurt_cake,light_mayo
turkey,spaghetti,milk,whole_wheat_rice,chocolate,
turkey,burgers,spaghetti,whole_wheat_rice,light_cream,chocolate
turkey,mineral_water,chocolate,yogurt_cake,light_mayo,
turkey,eggs,barbecue_sauce,,,
turkey,tomatoes,cake,,,
turkey,whole_wheat_rice,chicken,,,
turkey,herb_e_pepper,chocolate,,,
turkey,grated_cheese,energy_drink,,,
turkey,eggs,frozen_smoothie,,,
turkey,ground_beef,low_fat_yogurt,,,
turkey,tomatoes,low_fat_yogurt,,,
turkey,mineral_water,meatballs,,,
turkey,spaghetti,soda,,,
turkey,french_fries,strawberries,,,
turkey,grated_cheese,tomatoes,,,
vegetables_mix,oil,chocolate,escalope,zucchini,
vegetables_mix,antioxydant_juice,french_fries,,,
whole_weat_flour,green_tea,pancakes,melons,,
whole_weat_flour,french_fries,brownies,,,
whole_weat_flour,cereals,honey,,,
whole_wheat_pasta,ground_beef,mineral_water,avocado,milk,olive_oil
whole_wheat_pasta,ground_beef,olive_oil,blueberries,escalope,
whole_wheat_pasta,olive_oil,cereals,brownies,green_tea,
whole_wheat_pasta,spaghetti,olive_oil,butter,chocolate,french_fries
whole_wheat_pasta,mineral_water,olive_oil,carrots,protein_bar,low_fat_yogurt
whole_wheat_pasta,avocado,olive_oil,chocolate,french_fries,frozen_smoothie
whole_wheat_pasta,ground_beef,spaghetti,chocolate,french_wine,pancakes
whole_wheat_pasta,mineral_water,olive_oil,cooking_oil,frozen_smoothie,green_tea
whole_wheat_pasta,antioxydant_juice,body_spray,green_tea,,
whole_wheat_pasta,strawberries,melons,low_fat_yogurt,,
whole_wheat_pasta,spaghetti,meatballs,milk,almonds,eggs
whole_wheat_pasta,spaghetti,meatballs,milk,french_fries,low_fat_yogurt
whole_wheat_pasta,salmon,antioxydant_juice,mint_green_tea,,
whole_wheat_pasta,yams,mineral_water,muffins,frozen_smoothie,hot_dogs
whole_wheat_pasta,ground_beef,mineral_water,olive_oil,green_tea,
whole_wheat_pasta,spaghetti,mineral_water,olive_oil,,
whole_wheat_pasta,mineral_water,olive_oil,pancakes,,
whole_wheat_pasta,ground_beef,spaghetti,soup,meatballs,chicken
whole_wheat_pasta,pepper,olive_oil,whole_wheat_rice,rice,pasta
whole_wheat_pasta,ground_beef,spaghetti,yams,mineral_water,soup
whole_wheat_pasta,spaghetti,milk,,,
whole_wheat_rice,oil,chicken,french_fries,escalope,
whole_wheat_rice,french_fries,hot_dogs,green_tea,,
whole_wheat_rice,frozen_smoothie,low_fat_yogurt,green_tea,,
whole_wheat_rice,cooking_oil,cottage_cheese,zucchini,,
whole_wheat_rice,yogurt_cake,green_tea,,,
whole_wheat_rice,cake,rice,,,
whole_wheat_rice,chicken,tomato_juice,,,
yams,mineral_water,eggs,cake,,
yams,mineral_water,cake,chocolate,french_fries,champagne
yams,mineral_water,avocado,milk,butter,cooking_oil
yams,mineral_water,soup,milk,pancakes,whole_wheat_rice
yams,avocado,bacon,oil,french_fries,brownies
yams,cookies,toothpaste,,,
